,IDMAP,IPCA,LAMP,LMDS,MDS,PBC,TSNE,UMAP
0,3.0,6.0,4.5,7.5,7.5,4.5,1.0,2.0
1,3.5,7.0,3.5,8.0,6.0,5.0,1.0,2.0
2,4.0,7.0,6.0,8.0,2.0,4.0,1.0,4.0
3,4.0,5.5,8.0,5.5,3.0,7.0,1.0,2.0
4,3.0,6.0,4.5,8.0,7.0,4.5,2.0,1.0
5,3.5,5.0,6.0,8.0,7.0,3.5,1.0,2.0
6,3.0,6.0,7.0,8.0,2.0,4.5,1.0,4.5
7,2.0,7.0,6.0,8.0,3.0,5.0,1.0,4.0
8,1.0,6.0,8.0,7.0,3.0,4.0,2.0,5.0
9,2.0,6.0,7.0,8.0,5.0,4.0,1.0,3.0
10,4.5,4.5,2.5,6.0,7.0,8.0,1.0,2.5
11,3.0,4.0,2.0,6.0,7.0,8.0,1.0,5.0
12,1.0,3.0,5.0,7.0,4.0,8.0,2.0,6.0
13,1.0,4.5,3.0,7.0,8.0,6.0,2.0,4.5
14,3.0,7.0,6.0,8.0,2.0,5.0,1.0,4.0
15,3.0,7.0,5.0,8.0,4.0,6.0,1.0,2.0
16,5.0,4.0,6.0,2.5,7.0,8.0,1.0,2.5
17,2.0,6.0,5.0,8.0,3.0,7.0,1.0,4.0
18,4.5,6.0,2.0,8.0,4.5,7.0,1.0,3.0
19,3.5,5.0,3.5,6.0,2.0,7.5,1.0,7.5
20,2.0,6.5,6.5,5.0,3.0,8.0,1.0,4.0
21,2.0,8.0,4.5,7.0,3.0,6.0,1.0,4.5
22,4.0,7.0,5.0,6.0,2.0,8.0,1.0,3.0
23,5.0,8.0,4.0,7.0,3.0,6.0,1.0,2.0
24,6.0,8.0,4.0,7.0,3.0,5.0,1.0,2.0
25,4.5,7.0,4.5,8.0,3.0,6.0,1.0,2.0
26,3.0,7.0,4.0,8.0,5.0,6.0,1.0,2.0
27,3.0,8.0,5.0,7.0,4.0,6.0,1.0,2.0
28,4.5,7.0,4.5,8.0,3.0,6.0,1.0,2.0
29,5.0,7.0,4.0,8.0,2.0,6.0,1.0,3.0
30,5.0,8.0,4.0,7.0,3.0,6.0,1.0,2.0
31,3.0,8.0,5.0,7.0,4.0,6.0,1.0,2.0
32,4.0,8.0,5.0,7.0,3.0,6.0,1.0,2.0
33,4.0,6.0,2.5,8.0,5.0,7.0,1.0,2.5
34,5.0,8.0,4.0,6.0,2.0,7.0,1.0,3.0
35,4.0,7.0,3.0,5.5,8.0,5.5,1.0,2.0
36,3.5,8.0,5.0,7.0,3.5,6.0,1.0,2.0
37,5.0,8.0,4.0,7.0,3.0,6.0,1.0,2.0
38,5.0,8.0,4.0,7.0,3.0,6.0,1.0,2.0
39,4.0,7.0,5.5,8.0,3.0,5.5,1.0,2.0
40,4.0,8.0,5.0,7.0,3.0,6.0,1.0,2.0
41,5.0,8.0,4.0,7.0,3.0,6.0,1.0,2.0
42,3.0,8.0,5.0,6.0,2.0,7.0,1.0,4.0
43,5.0,8.0,4.0,6.5,2.0,6.5,1.0,3.0
44,4.0,8.0,5.0,7.0,2.0,6.0,1.0,3.0
45,3.5,8.0,3.5,7.0,5.5,5.5,1.0,2.0
46,3.0,7.0,4.0,8.0,2.0,6.0,1.0,5.0
47,5.0,7.0,4.0,8.0,2.0,6.0,1.0,3.0
48,4.0,8.0,5.0,7.0,2.0,6.0,1.0,3.0
49,2.5,8.0,5.0,7.0,4.0,6.0,1.0,2.5
50,5.0,7.0,4.0,8.0,2.0,6.0,1.0,3.0
51,4.5,8.0,3.0,6.5,4.5,6.5,1.0,2.0
52,2.0,8.0,5.0,6.0,3.0,7.0,1.0,4.0
53,5.0,8.0,4.0,7.0,2.0,6.0,1.0,3.0
54,3.0,8.0,5.0,7.0,2.0,6.0,1.0,4.0
55,5.0,7.0,4.0,8.0,2.0,6.0,1.0,3.0
56,4.0,7.0,5.5,8.0,2.0,5.5,1.0,3.0
57,3.5,8.0,5.0,7.0,2.0,6.0,1.0,3.5
58,5.0,8.0,4.0,7.0,2.0,6.0,1.0,3.0
59,3.0,8.0,5.0,7.0,2.0,6.0,1.0,4.0
60,4.5,8.0,4.5,7.0,2.0,6.0,1.0,3.0
61,5.0,8.0,3.5,7.0,3.5,6.0,1.0,2.0
62,3.5,8.0,6.0,7.0,2.0,5.0,1.0,3.5
63,2.0,6.5,3.5,8.0,6.5,5.0,1.0,3.5
64,5.0,8.0,4.0,7.0,2.0,6.0,1.0,3.0
65,4.0,8.0,5.5,7.0,2.0,5.5,1.0,3.0
66,5.5,7.0,2.0,8.0,4.0,5.5,1.0,3.0
67,3.5,7.0,5.0,8.0,2.0,6.0,1.0,3.5
68,3.0,8.0,4.0,7.0,2.0,6.0,1.0,5.0
69,2.0,7.0,5.0,6.0,3.5,8.0,1.0,3.5
70,2.0,5.0,4.0,6.0,1.0,8.0,3.0,7.0
71,3.5,8.0,5.0,6.5,2.0,6.5,1.0,3.5
72,1.0,3.5,2.0,5.0,8.0,6.0,3.5,7.0
73,4.0,7.0,3.0,8.0,6.0,5.0,1.0,2.0
74,5.0,8.0,5.0,7.0,5.0,2.0,1.0,3.0
75,6.0,5.0,4.0,8.0,7.0,2.0,1.0,3.0
76,6.0,8.0,4.0,7.0,5.0,3.0,2.0,1.0
77,2.0,6.0,5.0,7.0,3.0,8.0,1.0,4.0
78,3.0,8.0,4.0,6.0,5.0,7.0,1.0,2.0
79,2.0,8.0,7.0,6.0,1.0,5.0,3.0,4.0
80,8.0,7.0,2.5,4.5,4.5,6.0,1.0,2.5
81,4.0,8.0,5.0,7.0,2.0,6.0,1.0,3.0
82,4.5,6.0,4.5,8.0,2.0,7.0,1.0,3.0
83,6.0,7.0,4.0,5.0,3.0,8.0,2.0,1.0
84,5.0,6.0,4.0,8.0,3.0,7.0,2.0,1.0
85,4.0,8.0,2.5,7.0,6.0,5.0,1.0,2.5
86,4.0,6.5,5.0,6.5,3.0,8.0,2.0,1.0
87,6.5,8.0,5.0,6.5,3.0,4.0,1.0,2.0
88,3.0,8.0,6.0,5.0,4.0,7.0,2.0,1.0
89,4.0,5.0,6.0,8.0,3.0,7.0,1.5,1.5
90,7.0,5.5,4.0,5.5,3.0,8.0,2.0,1.0
91,4.5,7.0,4.5,6.0,3.0,8.0,1.0,2.0
92,5.0,6.0,3.0,7.5,4.0,7.5,1.0,2.0
93,6.0,8.0,7.0,4.0,3.0,5.0,2.0,1.0
94,4.0,7.0,3.0,8.0,5.0,6.0,1.0,2.0
95,3.0,6.0,5.0,7.0,4.0,8.0,1.0,2.0
96,5.0,6.5,4.0,6.5,3.0,8.0,2.0,1.0
97,4.5,7.0,4.5,8.0,3.0,6.0,1.0,2.0
98,4.0,5.0,6.0,7.0,3.0,8.0,1.0,2.0
99,5.0,6.0,4.0,8.0,3.0,7.0,2.0,1.0
100,5.0,8.0,5.0,5.0,3.0,7.0,1.5,1.5
101,3.0,7.0,5.0,6.0,4.0,8.0,1.0,2.0
102,5.5,7.5,5.5,4.0,3.0,7.5,1.0,2.0
103,5.0,4.0,6.0,8.0,3.0,7.0,2.0,1.0
104,4.0,6.0,5.0,8.0,1.0,7.0,3.0,2.0
105,4.0,8.0,5.0,6.0,2.0,7.0,3.0,1.0
106,5.0,6.0,4.0,8.0,3.0,7.0,2.0,1.0
107,4.0,8.0,5.0,6.0,3.0,7.0,2.0,1.0
108,5.0,7.0,3.0,6.0,4.0,8.0,2.0,1.0
109,4.0,8.0,6.0,5.0,3.0,7.0,2.0,1.0
110,3.5,6.0,3.5,8.0,5.0,7.0,2.0,1.0
111,4.0,6.0,5.0,8.0,3.0,7.0,2.0,1.0
112,3.5,5.0,6.5,8.0,3.5,6.5,1.0,2.0
113,3.0,6.0,5.0,7.0,1.0,8.0,4.0,2.0
114,4.0,6.0,2.5,7.0,5.0,8.0,2.5,1.0
115,5.0,6.0,3.0,7.0,2.0,8.0,4.0,1.0
116,4.5,8.0,4.5,6.0,2.0,7.0,3.0,1.0
117,5.0,6.0,4.0,8.0,3.0,7.0,1.0,2.0
118,3.0,6.5,4.0,6.5,2.0,8.0,5.0,1.0
119,4.0,7.0,5.0,6.0,2.0,8.0,3.0,1.0
120,7.0,4.0,5.5,5.5,3.0,8.0,2.0,1.0
121,4.0,7.0,5.0,8.0,1.0,6.0,3.0,2.0
122,4.0,2.0,5.5,5.5,8.0,7.0,3.0,1.0
123,4.5,6.0,4.5,8.0,2.5,7.0,2.5,1.0
124,2.5,6.0,5.0,7.0,2.5,8.0,4.0,1.0
125,5.0,7.0,4.0,8.0,2.5,6.0,2.5,1.0
126,7.0,4.0,3.0,8.0,5.0,6.0,1.0,2.0
127,2.0,6.5,4.0,6.5,5.0,8.0,1.0,3.0
128,4.0,6.5,3.0,6.5,5.0,8.0,1.0,2.0
129,2.0,6.0,4.0,7.0,5.0,8.0,1.0,3.0
130,6.5,6.5,3.0,6.5,4.0,6.5,1.0,2.0
131,3.0,7.0,5.0,8.0,4.0,6.0,1.0,2.0
132,4.0,6.0,3.0,6.0,6.0,8.0,1.0,2.0
133,3.0,8.0,4.0,5.0,6.0,7.0,1.0,2.0
134,3.0,7.0,4.5,8.0,4.5,6.0,1.0,2.0
135,3.0,6.0,5.0,7.0,4.0,8.0,1.0,2.0
136,7.0,6.0,3.0,5.0,4.0,8.0,1.0,2.0
137,4.0,6.5,3.0,6.5,5.0,8.0,1.0,2.0
138,7.0,4.0,3.0,6.0,5.0,8.0,1.0,2.0
139,4.0,6.0,3.0,7.0,5.0,8.0,1.0,2.0
140,5.0,4.0,3.0,6.0,7.0,8.0,1.0,2.0
141,4.0,7.0,5.0,6.0,1.5,8.0,1.5,3.0
142,5.0,6.0,4.0,7.0,3.0,8.0,1.0,2.0
143,4.0,8.0,5.0,6.5,2.0,6.5,1.0,3.0
144,5.0,8.0,3.5,6.0,3.5,7.0,1.0,2.0
145,5.0,8.0,6.0,7.0,3.5,3.5,1.0,2.0
146,2.5,8.0,5.0,7.0,2.5,6.0,1.0,4.0
147,3.5,7.5,3.5,6.0,2.0,7.5,1.0,5.0
148,4.0,7.0,5.0,8.0,3.0,6.0,1.5,1.5
149,4.0,7.0,5.0,7.0,3.0,7.0,1.5,1.5
150,5.0,6.0,3.5,7.0,3.5,8.0,1.0,2.0
151,4.0,7.0,5.0,6.0,2.5,8.0,1.0,2.5
152,4.0,8.0,5.0,6.5,3.0,6.5,1.0,2.0
153,4.5,7.5,4.5,7.5,3.0,6.0,1.0,2.0
154,4.0,5.5,5.5,7.0,2.0,8.0,1.0,3.0
155,4.0,7.0,5.0,8.0,2.0,6.0,1.0,3.0
156,3.0,8.0,6.0,5.0,4.0,7.0,1.0,2.0
157,4.0,7.0,5.0,8.0,1.0,6.0,2.5,2.5
158,4.5,8.0,4.5,6.5,3.0,6.5,1.0,2.0
159,4.0,7.0,6.0,5.0,3.0,8.0,1.0,2.0
160,5.0,7.0,3.5,6.0,3.5,8.0,1.0,2.0
161,5.0,8.0,6.0,4.0,2.5,7.0,1.0,2.5
162,4.0,8.0,5.0,6.0,3.0,7.0,1.0,2.0
163,4.0,5.5,5.5,7.0,2.0,8.0,1.0,3.0
164,2.0,7.5,6.0,4.0,5.0,7.5,1.0,3.0
165,4.0,6.0,5.0,8.0,3.0,7.0,1.5,1.5
166,4.5,8.0,4.5,6.0,3.0,7.0,1.0,2.0
167,3.5,8.0,6.0,7.0,2.0,5.0,1.0,3.5
168,4.0,6.5,5.0,6.5,2.5,8.0,1.0,2.5
169,4.0,8.0,5.0,6.0,3.0,7.0,1.5,1.5
170,4.0,5.5,7.0,5.5,2.5,8.0,1.0,2.5
171,4.5,8.0,3.0,6.5,6.5,4.5,1.0,2.0
172,3.0,5.0,4.0,8.0,1.0,6.0,2.0,7.0
173,5.0,3.0,6.0,7.0,2.0,8.0,1.0,4.0
174,3.0,4.0,5.0,6.0,1.0,8.0,2.0,7.0
175,3.0,7.5,6.0,7.5,1.0,4.5,2.0,4.5
176,3.5,5.0,6.0,7.0,2.0,3.5,1.0,8.0
177,3.0,5.0,6.0,7.0,1.0,4.0,2.0,8.0
178,2.0,8.0,3.0,7.0,5.0,6.0,1.0,4.0
179,3.0,8.0,2.0,6.0,5.0,7.0,1.0,4.0
180,3.0,6.0,2.0,7.5,5.0,7.5,1.0,4.0
181,3.0,8.0,2.0,7.0,5.0,6.0,1.0,4.0
182,4.0,8.0,2.0,7.0,5.0,6.0,1.0,3.0
183,3.0,7.0,2.0,6.0,5.0,8.0,1.0,4.0
184,1.5,7.0,4.0,8.0,5.0,6.0,1.5,3.0
185,4.0,8.0,2.0,7.0,5.0,6.0,1.0,3.0
186,2.0,8.0,3.0,7.0,5.0,6.0,1.0,4.0
187,4.0,6.0,2.0,7.5,5.0,7.5,1.0,3.0
188,4.5,8.0,3.0,6.0,4.5,7.0,2.0,1.0
189,5.0,6.0,2.0,7.0,3.5,8.0,1.0,3.5
190,3.5,6.0,2.0,8.0,5.0,7.0,1.0,3.5
191,5.0,8.0,3.0,7.0,4.0,6.0,2.0,1.0
192,4.0,7.0,2.0,6.0,5.0,8.0,1.0,3.0
193,5.0,6.0,2.0,7.0,4.0,8.0,1.0,3.0
194,4.0,8.0,3.0,7.0,5.0,6.0,1.0,2.0
195,4.0,8.0,2.0,7.0,5.0,6.0,1.0,3.0
196,5.0,8.0,3.5,6.0,3.5,7.0,1.0,2.0
197,3.5,7.0,2.0,8.0,5.0,6.0,1.0,3.5
198,6.0,8.0,2.0,7.0,4.0,5.0,1.0,3.0
199,6.0,8.0,2.5,7.0,4.5,4.5,1.0,2.5
200,5.0,8.0,3.0,7.0,4.0,6.0,2.0,1.0
201,5.0,8.0,3.0,7.0,4.0,6.0,1.0,2.0
202,5.0,8.0,3.0,7.0,4.0,6.0,2.0,1.0
203,6.0,8.0,3.0,7.0,4.0,5.0,2.0,1.0
204,6.0,8.0,3.0,7.0,4.0,5.0,2.0,1.0
205,5.0,7.0,3.0,8.0,4.0,6.0,1.0,2.0
206,5.0,7.0,3.0,8.0,4.0,6.0,2.0,1.0
207,5.5,8.0,3.0,7.0,4.0,5.5,1.0,2.0
208,3.0,6.0,1.0,7.0,4.0,8.0,2.0,5.0
209,3.0,6.0,1.0,4.0,6.0,8.0,2.0,6.0
210,2.5,7.0,2.5,6.0,4.0,8.0,1.0,5.0
211,3.0,6.0,1.5,8.0,5.0,7.0,1.5,4.0
212,3.0,8.0,2.0,6.0,5.0,7.0,1.0,4.0
213,1.0,7.0,3.0,6.0,5.0,8.0,2.0,4.0
214,3.0,4.0,1.5,5.5,7.0,8.0,1.5,5.5
215,3.0,6.0,2.0,8.0,4.0,7.0,1.0,5.0
216,4.0,7.0,3.0,5.0,2.0,8.0,1.0,6.0
217,1.5,8.0,3.0,5.0,7.0,6.0,1.5,4.0
218,2.0,8.0,3.5,6.0,5.0,7.0,1.0,3.5
219,3.0,8.0,2.0,6.5,5.0,6.5,1.0,4.0
220,3.0,7.0,2.0,8.0,5.0,6.0,1.0,4.0
221,4.0,8.0,2.0,6.0,5.0,7.0,1.0,3.0
222,3.0,8.0,2.0,6.0,5.0,7.0,1.0,4.0
223,2.0,7.0,3.5,8.0,5.0,6.0,1.0,3.5
224,2.0,8.0,3.0,6.5,5.0,6.5,1.0,4.0
225,3.5,6.5,2.0,8.0,5.0,6.5,1.0,3.5
226,4.0,8.0,2.0,7.0,5.0,6.0,1.0,3.0
227,2.0,6.0,3.0,8.0,5.0,7.0,1.0,4.0
228,5.0,8.0,2.0,6.0,4.0,7.0,1.0,3.0
229,3.0,8.0,3.0,7.0,5.0,6.0,1.0,3.0
230,5.0,8.0,3.0,6.0,4.0,7.0,1.0,2.0
231,4.0,6.0,3.0,8.0,5.0,7.0,2.0,1.0
232,5.0,7.0,3.0,8.0,4.0,6.0,1.0,2.0
233,5.0,8.0,3.0,7.0,4.0,6.0,2.0,1.0
234,4.0,8.0,3.0,6.5,5.0,6.5,1.0,2.0
235,4.5,7.0,3.0,6.0,4.5,8.0,1.0,2.0
236,5.0,8.0,3.0,7.0,4.0,6.0,1.0,2.0
237,5.0,8.0,4.0,7.0,3.0,6.0,1.0,2.0
238,6.0,7.0,3.0,8.0,4.0,5.0,2.0,1.0
239,5.0,7.0,4.0,8.0,3.0,6.0,2.0,1.0
240,5.5,7.0,4.0,8.0,3.0,5.5,2.0,1.0
241,5.0,7.0,3.0,8.0,4.0,6.0,2.0,1.0
242,5.0,8.0,3.0,7.0,4.0,6.0,1.0,2.0
243,7.0,8.0,3.5,5.0,3.5,6.0,1.0,2.0
244,5.0,8.0,3.0,7.0,4.0,6.0,1.0,2.0
245,5.0,8.0,3.0,7.0,4.0,6.0,1.0,2.0
246,5.0,8.0,4.0,7.0,3.0,6.0,1.0,2.0
247,6.5,6.5,3.5,8.0,3.5,5.0,1.0,2.0
248,2.0,6.0,3.0,7.5,5.0,7.5,1.0,4.0
249,2.0,8.0,3.0,6.0,5.0,7.0,1.0,4.0
250,4.0,8.0,2.0,6.0,3.0,7.0,1.0,5.0
251,2.0,5.0,3.0,6.0,7.0,8.0,1.0,4.0
252,4.0,6.0,2.0,7.0,3.0,8.0,1.0,5.0
253,2.0,6.0,3.0,8.0,5.0,7.0,1.0,4.0
254,2.0,6.0,2.0,5.0,8.0,7.0,2.0,4.0
255,3.0,6.0,2.0,5.0,8.0,7.0,1.0,4.0
256,3.0,7.0,1.0,5.0,6.0,8.0,2.0,4.0
257,2.0,8.0,5.0,6.0,3.0,7.0,1.0,4.0
258,2.0,8.0,5.5,7.0,4.0,5.5,1.0,3.0
259,2.5,8.0,2.5,7.0,4.5,6.0,1.0,4.5
260,5.0,5.0,3.0,8.0,7.0,5.0,1.0,2.0
261,3.0,8.0,4.5,6.0,4.5,7.0,1.5,1.5
262,2.0,7.0,5.0,8.0,3.0,6.0,1.0,4.0
263,3.0,7.0,5.0,8.0,2.0,6.0,1.0,4.0
264,3.0,7.0,6.0,8.0,3.0,3.0,1.0,5.0
265,3.0,7.0,6.0,8.0,2.0,5.0,1.0,4.0
266,4.0,6.0,7.0,8.0,2.0,5.0,1.0,3.0
267,2.0,6.0,7.0,8.0,4.0,3.0,1.0,5.0
268,3.5,7.0,6.0,5.0,2.0,8.0,1.0,3.5
269,3.0,5.5,7.0,8.0,2.0,5.5,1.0,4.0
270,2.0,7.0,6.0,8.0,3.0,5.0,1.0,4.0
271,2.0,7.0,4.0,8.0,4.0,6.0,1.0,4.0
272,3.0,6.0,7.0,8.0,2.0,5.0,1.0,4.0
273,2.0,6.0,7.0,8.0,5.0,3.5,1.0,3.5
274,2.0,7.0,5.5,8.0,4.0,5.5,1.0,3.0
275,4.0,6.5,5.0,8.0,2.0,6.5,1.0,3.0
276,2.0,5.0,7.0,8.0,3.0,6.0,1.0,4.0
277,6.5,4.5,4.5,8.0,1.5,6.5,1.5,3.0
278,5.0,7.0,6.0,8.0,2.0,4.0,1.0,3.0
279,2.0,7.0,5.5,8.0,3.0,5.5,1.0,4.0
280,3.0,7.0,6.0,8.0,2.0,5.0,1.0,4.0
281,3.0,6.0,7.0,8.0,2.0,5.0,1.0,4.0
282,3.0,7.0,6.0,8.0,2.0,4.5,1.0,4.5
283,3.0,5.0,8.0,6.0,1.0,7.0,2.0,4.0
284,2.0,7.0,6.0,8.0,3.0,5.0,1.0,4.0
285,2.0,6.0,8.0,7.0,3.0,4.5,1.0,4.5
286,5.0,8.0,4.0,7.0,2.0,6.0,1.0,3.0
287,5.0,6.5,3.5,8.0,1.0,6.5,2.0,3.5
288,2.0,6.0,7.0,8.0,3.0,5.0,1.0,4.0
289,2.0,7.0,4.0,8.0,3.0,6.0,1.0,5.0
290,3.0,4.0,7.0,8.0,2.0,6.0,1.0,5.0
291,3.0,6.0,7.0,8.0,4.0,2.0,1.0,5.0
292,3.0,5.0,6.0,8.0,2.0,7.0,1.0,4.0
293,3.0,7.0,6.0,8.0,2.0,5.0,1.0,4.0
294,2.0,3.0,7.0,8.0,5.0,6.0,1.0,4.0
295,2.5,6.0,2.5,8.0,5.0,7.0,1.0,4.0
296,3.0,5.0,7.0,8.0,1.0,6.0,2.0,4.0
297,2.0,7.0,4.5,8.0,4.5,6.0,1.0,3.0
298,6.0,7.0,4.5,8.0,2.0,4.5,1.0,3.0
299,2.0,4.5,7.0,8.0,3.0,6.0,1.0,4.5
300,2.5,7.0,6.0,8.0,2.5,5.0,1.0,4.0
301,3.0,4.5,8.0,7.0,2.0,6.0,1.0,4.5
302,4.5,8.0,4.5,6.5,2.0,6.5,1.0,3.0
303,2.0,5.0,7.0,8.0,3.0,6.0,1.0,4.0
304,3.0,6.5,6.5,8.0,1.5,5.0,1.5,4.0
305,2.0,5.0,7.0,8.0,3.0,6.0,1.0,4.0
306,5.5,8.0,4.0,7.0,2.0,5.5,1.0,3.0
307,2.0,3.5,7.0,8.0,5.0,6.0,1.0,3.5
308,4.0,6.5,5.0,8.0,1.0,6.5,2.0,3.0
309,2.5,7.0,5.0,8.0,2.5,6.0,1.0,4.0
310,4.5,6.5,3.0,8.0,6.5,4.5,1.0,2.0
311,2.0,4.0,7.0,5.0,3.0,8.0,1.0,6.0
312,2.0,4.0,6.5,8.0,3.0,6.5,1.0,5.0
313,5.0,4.0,7.0,7.0,2.0,7.0,1.0,3.0
314,2.0,3.0,5.0,8.0,6.0,7.0,1.0,4.0
315,2.0,3.0,6.0,7.5,4.5,7.5,1.0,4.5
316,6.0,4.5,4.5,8.0,3.0,7.0,1.0,2.0
317,4.5,4.5,8.0,7.0,3.0,6.0,1.0,2.0
318,4.5,3.0,8.0,6.5,4.5,6.5,1.0,2.0
319,2.0,6.0,5.0,8.0,3.5,7.0,1.0,3.5
320,2.0,4.5,3.0,6.5,8.0,4.5,1.0,6.5
321,2.0,6.0,5.0,7.5,3.0,7.5,1.0,4.0
322,2.0,7.0,4.5,8.0,3.0,4.5,1.0,6.0
323,2.0,6.5,4.0,8.0,3.0,6.5,1.0,5.0
324,2.5,7.5,4.0,7.5,5.5,5.5,1.0,2.5
325,2.0,3.0,4.5,7.0,6.0,8.0,1.0,4.5
326,2.0,5.5,3.0,8.0,5.5,7.0,1.0,4.0
327,2.0,3.5,8.0,6.0,5.0,7.0,1.0,3.5
328,7.0,6.0,2.0,4.5,8.0,4.5,1.0,3.0
329,3.0,4.5,4.5,7.0,6.0,8.0,1.5,1.5
330,4.0,7.0,5.0,3.0,6.0,8.0,1.5,1.5
331,3.0,7.0,4.0,5.5,5.5,8.0,1.0,2.0
332,3.0,5.0,4.0,7.0,6.0,8.0,1.0,2.0
333,3.5,7.0,3.5,5.0,6.0,8.0,1.5,1.5
334,4.5,6.0,4.5,3.0,7.0,8.0,2.0,1.0
335,7.5,6.0,3.0,4.0,7.5,5.0,2.0,1.0
336,5.0,4.0,8.0,3.0,6.0,7.0,2.0,1.0
337,5.5,7.0,3.0,4.0,5.5,8.0,2.0,1.0
338,6.0,3.0,5.0,7.0,4.0,8.0,2.0,1.0
339,2.0,5.0,6.0,8.0,3.0,7.0,1.0,4.0
340,8.0,4.0,2.0,7.0,6.0,3.0,1.0,5.0
341,2.0,6.0,4.0,8.0,3.0,7.0,1.0,5.0
342,2.5,7.0,4.0,8.0,2.5,5.0,1.0,6.0
343,2.0,4.5,4.5,8.0,3.0,7.0,1.0,6.0
344,3.0,2.0,5.5,8.0,4.0,7.0,1.0,5.5
345,2.0,5.0,3.5,7.0,3.5,8.0,1.0,6.0
346,2.0,3.0,8.0,7.0,4.5,4.5,1.0,6.0
347,2.0,7.0,3.0,8.0,5.0,6.0,1.0,4.0
348,2.0,7.0,4.5,8.0,4.5,4.5,1.0,4.5
349,4.0,6.5,2.5,6.5,5.0,8.0,1.0,2.5
350,5.0,4.0,3.0,6.0,7.0,8.0,2.0,1.0
351,2.0,6.0,3.0,7.0,5.0,8.0,1.0,4.0
352,2.0,7.0,4.0,6.0,5.0,8.0,1.0,3.0
353,2.0,7.0,4.0,6.0,5.0,8.0,1.0,3.0
354,3.5,6.0,3.5,5.0,7.0,8.0,1.0,2.0
355,5.0,4.0,6.0,3.0,7.0,8.0,1.0,2.0
356,6.0,2.0,7.0,3.0,5.0,8.0,1.0,4.0
357,6.0,3.0,5.0,4.0,7.0,8.0,1.5,1.5
358,7.0,3.5,3.5,5.0,6.0,8.0,1.5,1.5
359,2.0,6.0,4.0,8.0,3.0,7.0,1.0,5.0
360,4.0,2.0,5.5,8.0,7.0,5.5,1.0,3.0
361,5.0,4.0,7.0,8.0,3.0,6.0,1.0,2.0
362,3.5,7.0,5.0,8.0,3.5,6.0,1.0,2.0
363,3.0,4.0,6.0,8.0,2.0,7.0,1.0,5.0
364,4.0,2.0,7.0,8.0,5.5,5.5,1.0,3.0
365,2.0,3.0,5.0,8.0,6.0,7.0,1.0,4.0
366,3.0,6.5,5.0,6.5,2.0,8.0,1.0,4.0
367,2.0,3.0,8.0,6.0,5.0,7.0,1.0,4.0
368,2.0,5.0,8.0,6.0,3.5,7.0,1.0,3.5
369,2.0,6.5,4.5,6.5,3.0,8.0,1.0,4.5
370,7.0,3.0,2.0,5.5,8.0,5.5,1.0,4.0
371,2.0,6.0,3.0,8.0,4.0,7.0,1.0,5.0
372,2.0,6.0,4.0,7.0,4.0,8.0,1.0,4.0
373,2.0,6.0,5.0,7.0,3.5,8.0,1.0,3.5
374,2.0,6.0,3.0,7.0,5.0,8.0,1.0,4.0
375,3.0,6.5,2.0,4.5,8.0,6.5,1.0,4.5
376,3.0,5.0,2.0,6.5,8.0,6.5,1.0,4.0
377,5.0,4.0,3.0,8.0,6.5,6.5,1.0,2.0
378,4.0,5.0,2.0,6.0,8.0,7.0,1.0,3.0
379,4.0,8.0,5.0,7.0,3.0,6.0,1.0,2.0
380,3.5,8.0,3.5,7.0,5.0,6.0,1.0,2.0
381,5.0,8.0,4.0,7.0,3.0,6.0,1.0,2.0
382,3.5,8.0,5.0,7.0,3.5,6.0,1.0,2.0
383,3.0,7.0,5.0,8.0,4.0,6.0,1.0,2.0
384,3.0,8.0,4.0,7.0,6.0,5.0,1.0,2.0
385,5.0,8.0,3.0,7.0,4.0,6.0,1.0,2.0
386,3.0,8.0,4.0,7.0,5.0,6.0,1.0,2.0
387,3.5,8.0,5.5,7.0,3.5,5.5,1.0,2.0
388,3.0,8.0,5.0,7.0,4.0,6.0,1.0,2.0
389,5.0,8.0,4.0,7.0,3.0,6.0,1.5,1.5
390,6.0,7.0,3.0,8.0,4.0,5.0,1.5,1.5
391,6.0,8.0,4.0,7.0,3.0,5.0,1.0,2.0
392,6.0,8.0,5.0,7.0,3.0,4.0,2.0,1.0
393,5.0,8.0,4.0,7.0,3.0,6.0,1.0,2.0
394,5.0,8.0,4.0,7.0,3.0,6.0,1.5,1.5
395,6.0,8.0,3.5,7.0,3.5,5.0,1.0,2.0
396,5.0,8.0,4.0,7.0,2.0,6.0,1.0,3.0
397,6.0,7.0,3.0,8.0,4.0,5.0,1.0,2.0
398,7.0,8.0,3.0,6.0,4.0,5.0,1.5,1.5
399,6.0,8.0,4.5,7.0,4.5,3.0,1.0,2.0
400,7.0,8.0,4.0,6.0,3.0,5.0,2.0,1.0
401,7.0,8.0,4.0,6.0,3.0,5.0,2.0,1.0
402,6.0,8.0,4.0,7.0,3.0,5.0,2.0,1.0
403,7.0,8.0,4.0,6.0,3.0,5.0,2.0,1.0
404,7.0,8.0,4.0,6.0,3.0,5.0,2.0,1.0
405,6.0,8.0,4.0,7.0,3.0,5.0,1.0,2.0
406,6.0,8.0,4.0,7.0,3.0,5.0,2.0,1.0
407,6.0,8.0,4.0,7.0,3.0,5.0,2.0,1.0
408,6.0,8.0,3.5,7.0,3.5,5.0,2.0,1.0
409,4.0,6.0,3.0,8.0,7.0,5.0,1.0,2.0
410,4.0,8.0,3.0,7.0,5.0,6.0,1.0,2.0
411,3.0,8.0,4.0,7.0,5.0,6.0,1.0,2.0
412,5.0,8.0,3.0,7.0,4.0,6.0,1.0,2.0
413,4.0,8.0,3.0,5.5,7.0,5.5,1.0,2.0
414,4.0,8.0,3.0,7.0,6.0,5.0,1.0,2.0
415,3.0,8.0,4.0,7.0,5.0,6.0,1.0,2.0
416,3.0,6.0,4.0,7.0,5.0,8.0,1.0,2.0
417,3.5,8.0,3.5,6.0,5.0,7.0,1.0,2.0
418,3.0,7.0,5.0,7.0,4.0,7.0,1.0,2.0
419,6.0,8.0,4.5,7.0,2.0,3.0,1.0,4.5
420,1.5,8.0,4.0,7.0,5.0,6.0,1.5,3.0
421,2.5,8.0,4.0,7.0,5.5,5.5,1.0,2.5
422,3.0,8.0,6.0,7.0,5.0,4.0,2.0,1.0
423,3.5,2.0,7.0,8.0,5.0,6.0,1.0,3.5
424,4.0,7.0,3.0,6.0,1.0,8.0,2.0,5.0
425,3.0,6.5,6.5,8.0,3.0,3.0,1.0,5.0
426,3.0,7.5,6.0,7.5,1.0,5.0,2.0,4.0
427,3.0,7.0,2.0,8.0,5.0,6.0,1.0,4.0
428,1.0,2.0,7.5,3.0,4.0,7.5,5.0,6.0
429,3.0,8.0,5.0,7.0,4.0,6.0,1.0,2.0
430,2.0,6.0,7.0,8.0,4.5,4.5,1.0,3.0
431,3.0,6.0,4.0,7.5,7.5,5.0,1.0,2.0
432,2.0,7.0,5.5,8.0,5.5,4.0,1.0,3.0
433,3.0,7.0,6.0,8.0,5.0,2.0,1.0,4.0
434,5.0,8.0,3.0,7.0,6.0,4.0,1.0,2.0
435,2.0,8.0,4.5,7.0,3.0,6.0,1.0,4.5
436,2.0,6.0,4.0,7.0,3.0,8.0,1.0,5.0
437,2.5,8.0,5.0,7.0,4.0,6.0,1.0,2.5
438,4.0,6.0,3.0,8.0,7.0,5.0,1.0,2.0
439,4.5,8.0,3.0,6.0,2.0,7.0,1.0,4.5
440,6.5,8.0,3.0,6.5,2.0,5.0,1.0,4.0
441,3.0,7.0,4.0,8.0,1.0,6.0,2.0,5.0
442,2.0,7.0,4.5,8.0,4.5,6.0,1.0,3.0
443,3.5,8.0,2.0,7.0,5.0,6.0,1.0,3.5
444,3.5,8.0,3.5,7.0,2.0,6.0,1.0,5.0
445,1.0,4.0,5.0,8.0,2.0,7.0,3.0,6.0
446,3.0,4.0,8.0,5.0,2.0,7.0,1.0,6.0
447,3.0,5.0,6.0,8.0,2.0,4.0,1.0,7.0
448,1.0,7.0,3.0,8.0,5.5,4.0,2.0,5.5
449,1.5,8.0,5.0,6.0,3.0,7.0,1.5,4.0
450,4.0,8.0,6.0,7.0,2.0,5.0,1.0,3.0
451,3.0,6.0,7.0,8.0,2.0,5.0,1.0,4.0
452,2.5,4.0,2.5,6.5,8.0,6.5,1.0,5.0
453,2.0,5.5,4.0,8.0,5.5,7.0,1.0,3.0
454,2.0,8.0,5.0,5.0,5.0,7.0,1.0,3.0
455,6.0,8.0,5.0,7.0,3.0,4.0,1.0,2.0
456,2.0,5.5,3.0,8.0,4.0,5.5,1.0,7.0
457,5.5,7.0,5.5,8.0,2.5,4.0,1.0,2.5
458,1.5,8.0,5.0,7.0,3.0,6.0,1.5,4.0
459,3.0,7.5,6.0,7.5,4.0,5.0,1.5,1.5
460,4.0,5.0,2.0,6.0,7.0,8.0,1.0,3.0
461,4.0,8.0,5.0,7.0,3.0,6.0,1.0,2.0
462,2.0,1.0,5.5,5.5,4.0,3.0,8.0,7.0
463,3.5,5.0,1.0,6.0,8.0,7.0,2.0,3.5
464,5.0,6.5,4.0,6.5,3.0,8.0,1.5,1.5
465,1.5,6.0,8.0,7.0,4.0,5.0,1.5,3.0
466,3.5,3.5,8.0,5.0,1.0,7.0,2.0,6.0
467,3.0,5.0,7.0,8.0,2.0,6.0,1.0,4.0
468,3.0,7.0,6.0,8.0,4.0,5.0,1.0,2.0
469,4.0,7.0,5.5,8.0,2.0,5.5,1.0,3.0
470,2.5,7.0,2.5,6.0,4.0,8.0,1.0,5.0
471,5.0,6.5,1.0,8.0,6.5,4.0,2.0,3.0
472,4.0,5.0,2.0,6.5,3.0,8.0,1.0,6.5
473,2.5,7.0,2.5,5.5,4.0,8.0,1.0,5.5
474,1.5,6.0,3.5,5.0,7.0,8.0,1.5,3.5
475,4.0,6.0,5.0,7.0,8.0,3.0,2.0,1.0
476,1.5,6.0,4.0,8.0,3.0,7.0,1.5,5.0
477,3.0,8.0,4.0,6.0,7.0,2.0,1.0,5.0
478,6.0,5.0,2.0,8.0,7.0,4.0,1.0,3.0
479,4.5,7.0,4.5,8.0,2.0,4.5,1.0,4.5
480,7.0,3.5,6.0,8.0,5.0,3.5,1.0,2.0
481,6.0,7.0,2.0,8.0,5.0,4.0,1.0,3.0
482,3.0,5.0,7.0,8.0,1.0,6.0,2.0,4.0
483,2.0,7.0,5.5,8.0,3.0,5.5,1.0,4.0
484,1.0,7.5,5.5,7.5,4.0,5.5,2.0,3.0
485,4.0,5.0,2.0,6.0,3.0,7.5,1.0,7.5
486,2.5,2.5,6.5,8.0,6.5,5.0,1.0,4.0
487,2.0,5.0,7.0,4.0,8.0,6.0,1.0,3.0
488,5.5,4.0,8.0,3.0,5.5,7.0,2.0,1.0
489,2.0,7.0,3.0,8.0,4.5,4.5,1.0,6.0
490,2.0,8.0,5.0,7.0,3.5,6.0,1.0,3.5
491,5.0,2.0,6.0,3.0,7.0,8.0,1.0,4.0
492,6.0,3.5,5.0,3.5,7.0,8.0,1.0,2.0
493,1.0,7.0,3.0,6.0,5.0,8.0,2.0,4.0
494,4.0,7.0,2.5,6.0,8.0,5.0,1.0,2.5
495,3.0,7.0,5.0,8.0,4.0,6.0,1.0,2.0
496,3.0,8.0,4.0,7.0,1.5,6.0,1.5,5.0
497,3.0,7.0,4.0,5.0,6.0,8.0,1.0,2.0
498,3.0,8.0,5.5,5.5,7.0,4.0,2.0,1.0
499,3.5,7.0,6.0,8.0,2.0,5.0,1.0,3.5
