BD,IDMAP,IPCA,LAMP,LMDS,MDS,PBC,TSNE,UMAP
AID1284Morered,0.6968830662320844,0.7042988559910768,0.7048846270955915,0.7004500690000846,0.6902901058326705,0.5921650937548193,0.6259852916908739,0.6018674086050388
AID1608Morered,0.7183426778744959,0.796599161905417,0.7802402202533638,0.7941128212563036,0.7134683157578161,0.7553801483585233,0.6427287632872074,0.727120232416629
AID1608red,0.7367069555608678,0.7994992767157633,0.7790363105518348,0.7991056195631195,0.7381934855899035,0.74723544587062,0.6635468055721988,0.6333574285535649
AID362red,0.7728518884126176,0.7967621002907965,0.7825156506777619,0.7926659299092697,0.7476672123567296,0.7716430154241948,0.7025655163445659,0.6963165813874675
AID439Morered,0.7021591578816306,0.7360174284714727,0.7071259676869788,0.7260009051522047,0.7118160606865327,0.7448958136129732,0.6518663910861646,0.5796999280068167
AID644Morered,0.6724021122033585,0.6773462098402254,0.6766252367688681,0.6846622120229965,0.6584536782661832,0.6573552500429583,0.5867469424180265,0.4851424615182622
AID721morered,0.6592816866343832,0.6525111808652901,0.6478261140040692,0.6469171821667745,0.6414162785016286,0.633274753059877,0.600875294220526,0.488314965900006
CastMetal1,0.7678955413608307,0.771887883343718,0.7700726183951729,0.7777487397012298,0.7656206767395719,0.7159362322652734,0.6832685495154456,0.696105357861223
CostaMadre1,0.7668790281985158,0.7729941089460713,0.7701930479182961,0.7812329863368528,0.7662300678619257,0.6990313765864382,0.6792885840229658,0.6522047967293623
KnuggetChase3,0.744815206666712,0.7566634215947279,0.7568133724040466,0.7580401349926854,0.750025890478441,0.6430296684065459,0.6814668010720173,0.6290660011341304
KungChi3,0.7593942134943531,0.7685348685941986,0.7677991052190175,0.7673469760471539,0.761758724380518,0.658299949812631,0.6965490738890876,0.6402952144815893
MeanWhile1,0.7724900280324823,0.7798595219783823,0.7750555010685447,0.7792555120727112,0.7611133228592646,0.6934335377825378,0.7077430127287692,0.6619622462862929
MegaWatt1,0.7714488252883497,0.7798595219783823,0.7750555010685447,0.782781917579643,0.7611133228592646,0.6837688394650586,0.7077430127287692,0.6619622462862929
MindCave2,0.7263240669102431,0.7362605621665765,0.7299009739137136,0.7321017178095185,0.7154865085246334,0.6193530980936559,0.6607209595767496,0.6171589601724381
Nomao,0.7772039735051477,0.7944803598028416,0.7820582806155616,0.7938454923036469,0.7738241397546325,0.7811451014162123,0.6777747840572166,0.7618237295668695
SPECTF,0.7237321001024835,0.7445715327322737,0.7449320357013854,0.7471053606066475,0.7262873863924021,0.651850707069704,0.6547038962305047,0.5551344516800736
SPECT,0.7338349386971986,0.7373957467233211,0.7237052667168498,0.7314742962291141,0.7404200289393045,0.6091611159081747,0.6649396233986942,0.5880029346070266
ads,0.7578234104206578,0.8232005427452863,0.7843474515411712,0.8209964714668706,0.7074071561952012,0.776749808433639,0.6670055321074407,0.6319129300674101
agaricus-lepiota,0.7904390042252609,0.7936767076119383,0.7969601853938239,0.7981454858304952,0.7804761668126602,0.7113152359347183,0.7061838839831552,0.7430384137013175
amazon_commerce,0.49612530279500644,0.3870679478630029,0.5197313593260382,0.38667791470342255,0.45745171766491105,0.613778201117138,0.3424041950452047,0.5261285688096778
annealing,0.7669704347431712,0.8068093208109574,0.7913806389855577,0.8076711997349246,0.7605762802472918,0.6677290032454911,0.7218240349133016,0.6812165691735095
ar1,0.7885723887907103,0.8032035444980187,0.7961767072235117,0.8026790118484521,0.7717718055026052,0.722747676162149,0.740315653661246,0.6393545787012777
ar4,0.7599798817630328,0.7589600794353847,0.755058455699525,0.7580988734968805,0.7528005085462719,0.6792014106017437,0.6802919395772556,0.6253041889950621
ar6,0.7617482225390549,0.7665433063929401,0.7716803880467725,0.7693706777672867,0.0,0.6950081452535455,0.7021356730947854,0.6496432652252289
arrhythmia,0.6517677646289609,0.6524233441003671,0.6559937831073421,0.6576712981970673,0.6521502570059838,0.6171756664977369,0.5539217950806385,0.5537310853722395
audiology,0.7106110131588427,0.691149213193941,0.6978143488384518,0.6895749286421615,0.6877249394546483,0.5867661934938374,0.6297696821247234,0.6900736357498768
australian,0.7745670678037182,0.785608270799198,0.7704072650269879,0.7850944683266584,0.7708216517976982,0.7385994443405558,0.6806437927939999,0.6849795224155163
autoPrice,0.79141767007642,0.8044112491135035,0.7973014568902347,0.7853442244086529,0.7915428642377608,0.6913294991530311,0.7455965457745173,0.6970782992349831
autoUniv-au6-400,0.63790356220616,0.6866818245953409,0.683427236987671,0.6792394200451014,0.6380580371633092,0.5511638109764995,0.5754715152710741,0.6030998493131461
autoUniv-au7-500,0.6821538605252208,0.7007523786880847,0.6728930156987449,0.7036677363825333,0.6811379563507212,0.5837883309368562,0.5984218734737897,0.6934614074586036
badges2,0.8198252071574255,0.8327403525757691,0.812653198309172,0.8326799018570672,0.817379061835152,0.7686503647236258,0.698533587215601,0.8040805335431334
bands,0.7293167013816279,0.7411980571486773,0.7469913205801617,0.7522198673977085,0.7304132345679792,0.6485773729437441,0.6922197166161324,0.6376449099231996
bank,0.7214428779082429,0.7483230827248146,0.7491582490015978,0.7517264722552837,0.7292002417096022,0.7137273225039598,0.6565121795300963,0.6394567414941171
base_1_10_10,0.7275241179446129,0.6859251298729095,0.7389275773821864,0.7197534615160839,0.7360571413678416,0.7417999450521731,0.7071537226926738,0.6527430750237919
base_1_2_10,0.7476090104669575,0.7644493083706384,0.7628608010329829,0.7672406780851345,0.7494051175192178,0.7101586110888286,0.6896614411250046,0.6616009353740546
base_1_3_10,0.7636237366430059,0.7733184946879598,0.7722993973123286,0.7751173340356254,0.7621143867810978,0.7359564075793974,0.7014160507225451,0.6510502817528576
base_1_4_10,0.7888266638344709,0.7832878923274665,0.7939015741682541,0.7826989740551162,0.7833232699147751,0.7724855053305621,0.7394164069332145,0.6979497122329852
base_1_5_10,0.7930395214978149,0.7422531836101733,0.7944034760957557,0.7749188298251026,0.7937060697565629,0.7773890230551862,0.7250946472847842,0.7057424833653291
base_1_6_10,0.7345623136119731,0.739900746382055,0.7418778037854492,0.7177736867557245,0.7502468351046139,0.7026778181830877,0.7040778546863835,0.6761286999518145
base_1_7_10,0.7644007653861894,0.7629996470610305,0.767633134732974,0.7567682848398587,0.7720368570129782,0.7320015942457514,0.7218866448041673,0.685970333322238
base_1_8_10,0.7466622815212797,0.7287084437169395,0.7593346237119161,0.741703655152967,0.7562313896150223,0.7551552284057641,0.7171738820589869,0.6864991385865044
base_1_9_10,0.7469140000252242,0.727034441497972,0.7371192054708018,0.7323659615570282,0.7369162714073532,0.7528260779387983,0.7202489125758156,0.7078064076377775
base_2_10_10,0.6924244420635721,0.6711105647417244,0.6835325923281418,0.6795823442573113,0.6916552694959615,0.6892423652995869,0.6873166290377297,0.6540354764299375
base_2_2_10,0.74479299012679,0.7607512632773533,0.7581026538093378,0.7610928987536116,0.7390855013396711,0.6843055040140889,0.693437020142686,0.6449363670607918
base_2_3_10,0.7525397659044709,0.6989169372676596,0.7630745561629666,0.762420128617306,0.7558386484748525,0.6865876781233564,0.6913201294424736,0.6450180984171738
base_2_4_10,0.7765232564186808,0.792848951576055,0.7899590511855912,0.7956980104754658,0.77267410682907,0.7565520474389757,0.742438926488475,0.6961948528534764
base_2_5_10,0.7649616698208088,0.7376154919069666,0.7770717988091335,0.7569224913275702,0.7657991905465333,0.7483022964429457,0.7224243180022534,0.7220367219412168
base_2_6_10,0.7222420151684859,0.7113539274554836,0.732294531611811,0.718237573286068,0.7217415237105577,0.6971112117124572,0.7017127081524824,0.6482862391437461
base_2_7_10,0.7711163039136647,0.77120348135004,0.7804929923268821,0.7731812800818249,0.7685503124997647,0.7961756371142839,0.7332177992843518,0.6948182114395067
base_2_8_10,0.7556937085979025,0.7348047753302556,0.7553087300818975,0.7199046005896814,0.7557725448322085,0.7239965436771056,0.7228538162846923,0.7172668362224017
base_2_9_10,0.6940727803267968,0.684998634658661,0.7054938572724093,0.6894501263645219,0.7005619696506102,0.715125768774166,0.7006275066210673,0.6806997421127778
base_3_10_10,0.6684235820760893,0.6547981193184931,0.6711537045662637,0.6560676367165392,0.6723655046517493,0.6549191494138432,0.6654956531754597,0.6452675706653002
base_3_2_10,0.7228645548425096,0.6999169602925952,0.7305528670107737,0.7302799599154957,0.7272803206821802,0.6255582125371438,0.6709941516423056,0.6245211162778539
base_3_3_10,0.7574572923350783,0.7659190720465003,0.7657089471721786,0.7691575728452134,0.7604758975105118,0.6889715592652108,0.7072944095060134,0.6738008740534827
base_3_4_10,0.7604803968064829,0.7450483725706598,0.7512972060065124,0.7609610926036103,0.7592068426620749,0.7416585660040613,0.7112851192996056,0.6771224802498781
base_3_5_10,0.7199183903688371,0.7053123557047938,0.7411668802881883,0.7042237754298918,0.7144100376913488,0.6821306352987178,0.6825916189513985,0.6585409535531521
base_3_6_10,0.7544581838862141,0.7529958921297386,0.7584379256587821,0.7505532268185643,0.7541843119658538,0.7363857509333969,0.7150111273574342,0.7393756676472236
base_3_7_10,0.7102671703028782,0.7020790568411401,0.723573317222402,0.6877356577303123,0.716663464898732,0.6704481388874293,0.7009771590484124,0.6695969057092704
base_3_8_10,0.7077431329779941,0.6880412947608364,0.7153620639675207,0.6956470165841819,0.7153325127311354,0.6848853705312836,0.6896375237895157,0.6319259912084488
base_3_9_10,0.733876960255086,0.6941376046761937,0.7313229827230285,0.695763301772133,0.7266079327450131,0.7237938725645392,0.7047305503656345,0.6634197548909901
base_4_10_10,0.6288195677122552,0.6358373624512433,0.6334878790797248,0.6280710895257652,0.6358230361082344,0.628407100864591,0.6186094969764105,0.595974301451811
base_4_2_10,0.7348829285449495,0.7434012002785382,0.7459997621131913,0.7469669496991296,0.7341506705008414,0.6511320572944583,0.6769745313868921,0.6175926796363231
base_4_3_10,0.7146452139138033,0.6729614383380568,0.7055580796712221,0.7175816027621122,0.7087555257660128,0.6639522874140759,0.6549766519012493,0.6492254928585833
base_4_4_10,0.7158440932447295,0.6779525761749412,0.7262330011509792,0.7180768158349913,0.7179228523078838,0.6597452026838875,0.6832754966119248,0.645536832082189
base_4_5_10,0.6899588000624538,0.6454604911969141,0.7028662510334144,0.6722156944427591,0.6874162507179509,0.6428050723000596,0.6403637968508467,0.5988941596530254
base_4_6_10,0.7533266528394241,0.762820343245542,0.7657657347754399,0.7638245838991992,0.764061549110924,0.7432827960329899,0.7201843682222295,0.688913353336004
base_4_7_10,0.6428447037102147,0.6546855984503306,0.6475392979234306,0.6518724176273232,0.6547131951285675,0.6119922713348687,0.6260484444356473,0.605894650472778
base_4_8_10,0.7737282303027253,0.7244195236599478,0.7704222703466767,0.755169226866488,0.7797526128805439,0.7467248078074663,0.7035837578826227,0.6690758441570048
base_4_9_10,0.6424415078724567,0.6386219128838679,0.6542150581190651,0.6574046607649011,0.6465042066501999,0.6243140596850477,0.6377926107676724,0.6135204089153776
base_5_10_10,0.6909784313059673,0.6734165624384489,0.6867832599733821,0.6874016881187102,0.6934026773555991,0.676307691441115,0.6776882115687395,0.6314301058057338
base_5_2_10,0.7035029530385852,0.6990804124251468,0.7062195866314496,0.7136029744086885,0.7076646025079527,0.6421190862030335,0.654384600391427,0.6117394335110504
base_5_3_10,0.701360078497953,0.7012196947860125,0.717415331646609,0.7173094453492468,0.7005704312481544,0.6527591445256701,0.6513769575380003,0.6073023161460792
base_5_4_10,0.6773566690804236,0.6530376008236365,0.6669097800630994,0.6737195136120347,0.6758365135190791,0.6075112144083743,0.6364409806428433,0.6045038127918666
base_5_5_10,0.7055446374190817,0.7141058340569277,0.7173702366266925,0.7070369730408841,0.6792698035044177,0.6719927608760938,0.6780434308461533,0.6614058357907718
base_5_6_10,0.7062460416113563,0.6834904345114056,0.7137640753432912,0.7029581924518763,0.7178846894737531,0.6585557751934077,0.6679415247383845,0.620023391534752
base_5_7_10,0.623443777309159,0.6195742529714764,0.6289141674052097,0.6392838772167122,0.6375447095772641,0.5709121930034936,0.6001624139644781,0.5900772223593633
base_5_8_10,0.6701874648518755,0.6687189444075811,0.6896180654802537,0.6718907766938947,0.6756095373911633,0.6222688754033285,0.6669507395843081,0.6580864162421336
base_5_9_10,0.6742939614212967,0.6804840400441948,0.6830962790595038,0.6719355958362075,0.6755248350248064,0.667146877381037,0.6706128744439932,0.6370392527396043
bodyfat,0.7494209212510737,0.7409227031074636,0.7519945463961681,0.7430065693962018,0.7490214210008797,0.7273571264629313,0.7125211680519687,0.6959853832658098
breast-cancer-wisconsin,0.7912422256418644,0.8029090193203509,0.7997397709156028,0.8042229715717207,0.7888580234296021,0.7605931435950947,0.7250977367586321,0.7106580138908112
breast-tissue,0.7347281194780423,0.7333809992046357,0.7355687217498396,0.7405662892318144,0.7358693734388412,0.6983144419608175,0.6921354313030246,0.6964170377774579
chatfield_4,0.7715642543126362,0.7758896651443108,0.7768477471469929,0.7757408306801121,0.7610054119257488,0.7356326319313798,0.734250858063662,0.7272571172114811
clean1,0.7529115387364593,0.7598925457729814,0.7654980926551661,0.7598865189183855,0.7411606423115412,0.8024677746215174,0.7228074400924022,0.8060685187343701
clean2,0.7846917449846271,0.8136475497844791,0.8057685336735002,0.814462841008164,0.7921524453639137,0.8189171450918635,0.6944980087949444,0.5969958800963909
cnae9,0.6356159608803574,0.6470956841511009,0.6376307274052323,0.6437421566169601,0.603749412629283,0.6318516562144205,0.5604900103372801,0.529888982175152
coil20,0.7507320529299897,0.765538295771195,0.7584960912215021,0.7670080847433961,0.7466368937263452,0.7207466459365925,0.7140531340684044,0.8231218853014337
collins,0.7764789041629181,0.7729925037037374,0.7608282934804868,0.7732663465403296,0.7672809212393056,0.6734929845065615,0.7234849469140204,0.6770571394116397
communities,0.6318002936456129,0.6455753991292353,0.6400668866422591,0.646918164218397,0.6178047575448143,0.6083107522818073,0.5478399859225563,0.5491883751919316
crx,0.7696125008007776,0.7909592920891908,0.7821905869506651,0.7935087462287714,0.7761275017414364,0.7087884084963552,0.6996270767664841,0.728235891228544
ctg,0.7882395744876732,0.7580360444229701,0.772740089074553,0.7615809811385612,0.7892209855889171,0.7041795825385911,0.7015744491094699,0.6585653605067744
data_k12d22n11,0.8039641437802686,0.8127220263715064,0.7968709520221726,0.8189589209891117,0.8084867005200518,0.7356533722014882,0.7451985950048453,0.7493434501555213
data_k12d22n12,0.8137079558233828,0.8466560790675807,0.81794066345517,0.8455141413535863,0.8160689908298446,0.7659720323985433,0.7348137923300226,0.773211552826123
data_k12d22n13,0.8075418553408799,0.8224488768492021,0.7962543019957409,0.8140052800588057,0.8098733395865512,0.736091810255809,0.7304304433884189,0.8062136565192712
data_k12d22n14,0.8097939423506177,0.8399330932912703,0.8115239923104376,0.8455893396138123,0.8023639938808487,0.750539165259698,0.729650913278191,0.740652703245387
data_k12d22n15,0.812518405823911,0.826976247551481,0.804502610116135,0.8320334071249965,0.8041074603946956,0.735038222676575,0.7431156262290273,0.8023546280134137
data_k12d23n11,0.8065326350236468,0.8238889597401133,0.8088474044277211,0.833697024571786,0.8086968003382651,0.7606763585584628,0.7987209510548237,0.7117409982254624
data_k12d23n12,0.8089889324656468,0.8381045561978817,0.8047711056119027,0.8583476284046991,0.7965634395374754,0.7405605552085536,0.7468449459634467,0.7428474225911035
data_k12d23n13,0.8067727679366188,0.8467323388957023,0.8112878470316337,0.8330311590089657,0.8065159477932037,0.7318181306803221,0.7451971455745708,0.7154041922566079
data_k12d23n14,0.8008082910303227,0.8237104640661913,0.8138807882644927,0.8375066180218937,0.807321970615534,0.7451893723511028,0.7366757307754377,0.7042681130080422
data_k12d23n15,0.8122631953513153,0.8484471539582866,0.8114790236740055,0.8531703908394815,0.8123602346269134,0.7596077024593982,0.7550379523553985,0.7959135874605565
data_k12d24n11,0.8109907799998503,0.8424278157627823,0.8119285345435822,0.844129937412777,0.8091493147341173,0.7492608975140139,0.7553421555757245,0.7442529261045945
data_k12d24n12,0.800541292960521,0.8122856391095536,0.7887163686804075,0.8299826684557253,0.8058737203146891,0.7391885035227999,0.7255300689437016,0.7265687745765107
data_k12d24n13,0.8012635060030624,0.8469458791325843,0.8073354357563464,0.84763726008857,0.8001850205572731,0.7399653783920892,0.7958141493886959,0.8172460542652538
data_k12d24n14,0.8152080645149841,0.8481241913688479,0.8025281097266774,0.8346408922659581,0.7965496551010565,0.7207216785346106,0.7364385467930872,0.6946523450077815
data_k12d24n15,0.8067062050363978,0.8270698065072267,0.802770851956427,0.8212997643256724,0.8013037550624384,0.7232518720734105,0.7217668609627512,0.6552090358986891
data_k14d22n11,0.802688820774778,0.8159525286091963,0.8008822611876412,0.8111870142858677,0.7973288091577834,0.7341998615712859,0.7190923710482633,0.7177180092760402
data_k14d22n12,0.8253733222525781,0.8560926330280194,0.8304940067121265,0.8356491947983755,0.8190584636384071,0.725111264289348,0.7483504150866851,0.7253682804965711
data_k14d22n13,0.802559007465458,0.8296663353484531,0.8052208125059096,0.8237801643668202,0.8089302755304191,0.6852592053057772,0.7350113973171709,0.806918054659598
data_k14d22n14,0.808427523979643,0.8439307537839456,0.786507347852659,0.8485471704476104,0.8114850664691383,0.7398145264981204,0.7321246665633764,0.7300311270815666
data_k14d22n15,0.8034116353282121,0.8384769568073027,0.7928847530880165,0.8271309509953959,0.7982279663160592,0.7178924208461034,0.7199376542708316,0.7249065215572801
data_k14d23n12,0.8120228062505681,0.8236193661747115,0.806006056948622,0.831437511061184,0.81111359254175,0.7372082135251092,0.737322343070875,0.7466190303529242
data_k14d23n13,0.8076161426266882,0.8447404455283962,0.8034957321269047,0.8407559403951252,0.8054959491234124,0.7296152622303805,0.7430673745513361,0.8010109481550896
data_k14d23n14,0.8105393319555011,0.8478684970588377,0.8043587672448211,0.8247344488250248,0.8089893460648865,0.7348566806724055,0.7407137832936387,0.6994119611143446
data_k14d24n11,0.7897447116356346,0.8212935478124054,0.7984515542562509,0.8310128197091734,0.7934577659958558,0.7133309749053846,0.7012156124856374,0.6868696931538676
data_k14d24n12,0.8051199153478418,0.829111260430008,0.8057451749796561,0.8240219403663733,0.8073359321697348,0.7268170109249918,0.7317733308430204,0.8083802606273041
data_k14d24n13,0.8093243577873255,0.8313417821087427,0.8086255846612845,0.8370121443400137,0.8058586889137116,0.7162213349447819,0.7275163505711386,0.8061503336136185
data_k14d24n14,0.8102763503740993,0.8275048809962382,0.8003060738362253,0.8334798586634632,0.8018135228070502,0.7291191904192679,0.737075922589687,0.7562217658164172
data_k14d24n15,0.8163031565706961,0.8127126014741514,0.8012363483699076,0.8483497255143213,0.8111070099105048,0.7394638722357192,0.7498846616657563,0.8323331744395416
data_k16d22n11,0.8050231955196521,0.8256311969578134,0.7957188087973556,0.8156169698037686,0.7985781722114187,0.7237557892553186,0.7335887664382705,0.784215324363735
data_k16d22n12,0.8099764399202847,0.8382270625674829,0.7954691273354794,0.836395714668625,0.8068556172035898,0.7395530852942745,0.7286604631298069,0.7854590086500212
data_k16d22n13,0.810951403018257,0.8195514662787522,0.8038092008274171,0.811701050859865,0.8125177516616212,0.7334248045393463,0.7348209293665942,0.7197868348900454
data_k16d22n14,0.8069360297261208,0.8421109190774215,0.794516924269668,0.8416213952454026,0.803532351426481,0.7145594829915695,0.7217679313924901,0.7062448794539178
data_k16d22n15,0.8049577409049293,0.8365105133534371,0.8013369497160161,0.8238310526001307,0.7992510963001567,0.7055880200403832,0.7266023499041868,0.7860894532889755
data_k16d23n11,0.7947749294268167,0.827387554633521,0.7963888126128729,0.8313811316195101,0.8019286329687005,0.7261505755893806,0.7320734677755499,0.7846324810437721
data_k16d23n12,0.8002664199877966,0.8291857555537391,0.8068466280146585,0.8324574057780063,0.7929924302022318,0.7222367593760841,0.7195568723444458,0.7933999895745989
data_k16d23n13,0.8115097711648621,0.8369267786862468,0.8061561369114927,0.8388989663516583,0.8077538840086003,0.710934113873422,0.7403294089380456,0.7119450038002564
data_k16d23n14,0.8061080797189584,0.8375406133938922,0.8067565939298463,0.8335963840066828,0.8066388635429925,0.7295372958311367,0.7277894308201537,0.8092181287424174
data_k16d23n15,0.7985336109976081,0.836896899143364,0.7989372295145495,0.8297267292272668,0.8039130874640259,0.7072489901659458,0.7330289128349653,0.7620454299153876
data_k16d24n11,0.811923696393657,0.8435467988742072,0.8146578512436946,0.8375029792247624,0.8174428264749898,0.7257767464565754,0.7945890486395376,0.70509156010022
data_k16d24n12,0.7997975194596192,0.8331963428258009,0.7999896681084897,0.8226347215591323,0.8055010606287449,0.7348792394126716,0.7288471659562086,0.6809797710456958
data_k16d24n13,0.8167590875081114,0.8519802371553734,0.8006264377670302,0.8509458060168107,0.8018028500683183,0.7285865799364603,0.7942497224656735,0.6968080172885562
data_k16d24n14,0.8064897140403581,0.8431044969520617,0.8085264512720407,0.8375458104565918,0.8059670254540604,0.7270879188999831,0.7421304984210219,0.8170371453052795
data_k16d24n15,0.8104143725243904,0.8269385971742025,0.8053848994509879,0.826318893695474,0.8027036117213452,0.7227099985149961,0.7367244664502854,0.713387264437055
data_k16d24n16,0.7901994027422287,0.8215693530679891,0.7902960180222219,0.8000739328065141,0.7857940172313005,0.7293746241774451,0.7231069957268964,0.6830653413809376
data_k2d22n11,0.7655159076796247,0.8032562576729465,0.7984472727057649,0.8004011865931357,0.7636913055800132,0.7248328167231686,0.7359443047002607,0.7052754563022567
data_k2d22n12,0.767771695502697,0.7809741062785232,0.7819834731468313,0.7826810784454048,0.760795376113759,0.6720456558559106,0.733178141552913,0.7181254323746094
data_k2d22n13,0.7627346872806317,0.7888143914253156,0.78877729342487,0.7896642297876634,0.7599688020202612,0.7032311639238825,0.7302079041486642,0.7170560864007576
data_k2d22n14,0.7725921435103913,0.7988843074352621,0.7948877820295723,0.7982328418818007,0.7646622538226959,0.6582881783853447,0.7281485692409715,0.7078619795968852
data_k2d22n15,0.7597155288385239,0.7977599888889825,0.797286220893444,0.7990224825218423,0.7600338535243517,0.7235237357294682,0.7300010345221175,0.7069864278459068
data_k2d23n11,0.7681358937064074,0.7855507951071031,0.7862684612236812,0.7855913246712681,0.7650407616962929,0.7118827189430299,0.7354360313890596,0.7199861470604847
data_k2d23n12,0.7658966931805076,0.8004865952857962,0.7972073515194358,0.8010354125298665,0.7624503004061699,0.6648125795206352,0.7298275999073172,0.7022826450389685
data_k2d23n13,0.7698951547663155,0.7956285186452636,0.7929355312116223,0.7967661558080055,0.7651899467135793,0.7482751638509256,0.7352943804369569,0.7212195987978048
data_k2d23n14,0.7683131964983645,0.7921226320767951,0.7888565496818473,0.7925579817575732,0.7638451835138966,0.7281281405133728,0.7301689333197702,0.7165559909310555
data_k2d23n15,0.7663080023771964,0.7903807254414463,0.7880675194938421,0.7910886812255934,0.7646272914290728,0.6707953028054401,0.7303474959989961,0.7129070031339405
data_k2d24n11,0.7421325648003834,0.7892793362279452,0.7878940097965726,0.7924920458183532,0.7460065319108431,0.6400610388009726,0.7116312106550289,0.683712159764658
data_k2d24n12,0.7695383773318853,0.7935735562666069,0.7922232357647278,0.794100211764446,0.7628789883190965,0.688750277918601,0.7279407562388716,0.7187036454112163
data_k2d24n13,0.7519982982871934,0.8021734024977707,0.797898835435522,0.8008726961738096,0.7551873821478364,0.6980730049263422,0.7290622296929176,0.6992729405525171
data_k2d24n14,0.7652780058632207,0.7905632151459818,0.789698441177257,0.791388201163095,0.7624648437374552,0.6619226336595455,0.7293577787495744,0.7178297083343017
data_k2d24n15,0.7594752647030832,0.8012813129680982,0.7983769510299407,0.801861116851109,0.7547890534557782,0.6483647538429993,0.7222367086600261,0.694779862614899
data_k4d22n11,0.7822583733490147,0.7919019635312106,0.7818696073965252,0.8107053863804324,0.7830493515562964,0.7717713141546814,0.6507879517619815,0.7683431075635754
data_k4d22n12,0.7752600460985584,0.8001587461304338,0.7946485743611506,0.8011542073581479,0.7829179839701818,0.7440449624977059,0.6912305425975853,0.7353288377368761
data_k4d22n13,0.7826813486541053,0.8184252887746926,0.8001803889505572,0.8161491284450033,0.7865199046360525,0.7611345891985788,0.7061940000397782,0.7825132338907673
data_k4d22n14,0.7898370802393508,0.7972513384382008,0.7932001111700148,0.7984041084264586,0.7901474609583351,0.7589443559812514,0.6998606375336613,0.7513641467498668
data_k4d22n15,0.7867921410091905,0.7861204539578545,0.7869770426548043,0.8026239583093819,0.786571181290794,0.760862657572799,0.7370662798774007,0.7614311573657455
data_k4d23n11,0.7898398848574256,0.7955807119349155,0.7862775833635087,0.8064753201106939,0.7871354648951118,0.7398007980387501,0.718417139653149,0.7358862876017437
data_k4d23n12,0.7934285045064853,0.8105106202371785,0.803688095204727,0.8135142300443021,0.7885134683574335,0.7852213222212107,0.6743571226663259,0.7892398539351164
data_k4d23n13,0.790417123985948,0.8133019991488165,0.7998331182604013,0.8117584887332715,0.7880365953090726,0.7499678304052014,0.6756825008045875,0.733936283401331
data_k4d23n14,0.7722874851990157,0.8092970587670042,0.8010270441008392,0.8100189632960222,0.7824129821783774,0.7393968037866654,0.7179052242098017,0.7231033874878305
data_k4d23n15,0.7903762651056564,0.8106287434698658,0.7929589908627674,0.8096341488158725,0.784432753897834,0.7565710070627668,0.7198100260762137,0.6864873397743072
data_k4d24n11,0.778602569990438,0.8097536927987952,0.7803283129240308,0.8078614342355245,0.7792235197648836,0.7424931055093864,0.7207147510923188,0.763865822293067
data_k4d24n12,0.7701040425806577,0.8098341794096404,0.7937272593446115,0.8142730035803737,0.7687949422196837,0.7602550350081079,0.7369582042999667,0.7620268328314117
data_k4d24n13,0.8003787817142684,0.800418430556293,0.793135681998698,0.7986044124298723,0.7832915120152908,0.7520544360682304,0.7017934003937827,0.7329132677640039
data_k4d24n14,0.7753797378793282,0.8118323629721498,0.7761373046098451,0.8147426868669813,0.7810676654211376,0.7273060309336967,0.6893327284512034,0.7247182864767003
data_k4d24n15,0.7781207070471212,0.793270410368789,0.7776432471598751,0.7926484434865769,0.7836984850910064,0.7109799564421664,0.7173690578223043,0.7087715681417575
data_k6d22n11,0.8049298613662599,0.8202053877101756,0.8094067217599864,0.8236635528503549,0.798729575677755,0.7643085823621407,0.7070387757247485,0.722103338331808
data_k6d22n12,0.7978824552105032,0.8301999727930076,0.792615762986016,0.8201005343139377,0.80065748637553,0.7570151398559385,0.6953978468172747,0.693542650870522
data_k6d22n13,0.8034822555623858,0.8286014627184987,0.8078203180638063,0.8280120206593488,0.8050895895388234,0.7512339928908336,0.639841025704843,0.7785941127602042
data_k6d22n14,0.8031928404762873,0.8228523180438593,0.8018703945624196,0.8231852407977293,0.8029983524305397,0.7792830294904947,0.6689096371898191,0.7940669478815374
data_k6d22n15,0.805871418480347,0.8378273255069855,0.8063263099595025,0.8280604273270674,0.8073198631355771,0.723204145681809,0.6547506203671588,0.7678288441428658
data_k6d23n11,0.7985285430933764,0.7893492131062099,0.7926654341262617,0.8344663005843913,0.7988264591885298,0.7367970802158899,0.6819237384265581,0.7718019619626412
data_k6d23n12,0.8088118259994515,0.8305737099024684,0.806663324110746,0.8371940613202842,0.8046550106782544,0.7653813116343011,0.6927306797976815,0.7178560823241777
data_k6d23n13,0.7920025873779156,0.8124761809067597,0.8073122942274752,0.8235637736701686,0.7912201637618829,0.7464650939558238,0.6978426791449552,0.7659835915263024
data_k6d23n14,0.8115274680699223,0.8267020570979737,0.8087383042218026,0.8402971533425253,0.8053542876789365,0.7681528264546467,0.7355307740246857,0.7813972512742579
data_k6d23n15,0.8064431236418418,0.8286371382201405,0.8079986607294224,0.8273835737898583,0.8040779873590076,0.7486607694344253,0.6326870372939872,0.7380173387945719
data_k6d24n11,0.8015877140698157,0.8375290943737486,0.809228163099319,0.8411263936652583,0.8037556439200892,0.7659094855002582,0.7176026464857671,0.7525645467074822
data_k6d24n12,0.8045255162976674,0.809478058473087,0.7886078146885058,0.8319974735511046,0.8023357227085063,0.7615502220048808,0.7085757744190858,0.8118256009637532
data_k6d24n13,0.8007345257192556,0.8300710371115789,0.801040873146559,0.8302106242559191,0.8019655359683553,0.761653010562407,0.6631921978219488,0.7751986644534722
data_k6d24n14,0.799331256961507,0.8438267418795833,0.8054153705550853,0.8383050574757454,0.8036478380126271,0.7655047928619438,0.7253310131316961,0.7868753910814932
data_k6d24n15,0.7857203209146564,0.8583998601956943,0.7859304199747229,0.857092749755424,0.7893553110141727,0.7237129715928412,0.6869076140944145,0.7711760973952237
dermatology,0.7746365893878283,0.7775418696983704,0.8054127660149735,0.7874519333168164,0.7655719685177004,0.699335637564819,0.7573968907919093,0.7369434490930976
dim032,0.8091774739756066,0.826781331153627,0.8046698514060691,0.8261960515814047,0.8072716796722215,0.7222215130920857,0.6424495681187936,0.7308555918059593
dim064,0.7949171818492193,0.8440884644022549,0.7888705967651418,0.8189814749971622,0.7947366426619752,0.7806669336932608,0.733550580544817,0.7709914702212866
dim1024,0.8679519670676686,0.8495047949475314,0.7781418650028901,0.7983476218365414,0.7560581977114867,0.7955668677378043,0.634858401397799,0.7804874916668649
dim128,0.7952146201199809,0.8356039532507845,0.7916398687843614,0.8112891764915527,0.7929910758297936,0.786913841976034,0.6286913441286985,0.7663419342009687
dim256,0.784639098297928,0.8419963947634541,0.7825036421987933,0.8354407843206143,0.7730354752570712,0.7871735254727098,0.6392561215953735,0.67546608391009
dim512,0.8021544017116128,0.8510423340015656,0.7812924793662412,0.8418153805970817,0.7815376311435596,0.7967433775786235,0.6862321944283923,0.6447447788604299
ellipsoid-100d10c-10,0.8076679294316437,0.7729427932587165,0.8161058676568185,0.8194904512139509,0.7963521363998509,0.7638904010582284,0.6997147412508197,0.6334620272703779
ellipsoid-100d10c-1,0.8197424541029198,0.8221415097942442,0.8188946640088153,0.8298882316759262,0.8041425396857969,0.6982095920349483,0.6922642481055284,0.6882432060975271
ellipsoid-100d10c-2,0.8164550761217105,0.8345906556306633,0.8195149272867985,0.8174327131378828,0.8122500830407013,0.8109705347329991,0.6760228397116854,0.6187083854767019
ellipsoid-100d10c-3,0.8220086451646045,0.8088036984652385,0.8211422438137973,0.8284936474599466,0.8040951127023354,0.707908512337432,0.6968844532305296,0.7394715972054257
ellipsoid-100d10c-4,0.8158250905973923,0.8193191352691237,0.8134512567231083,0.8174516250844078,0.8042797601603692,0.6914664174354781,0.6929751368607489,0.7600931999820248
ellipsoid-100d10c-5,0.8151696489894258,0.8105047773783036,0.8154882951366638,0.8166486080145839,0.8004294178128937,0.7553217226608469,0.6619881370365117,0.6374413363511703
ellipsoid-100d10c-6,0.8219892105785427,0.8128797489615195,0.8151347687752519,0.8181037230113943,0.8145261290828205,0.6999382850208992,0.6882522579323996,0.8280130153000395
ellipsoid-100d10c-7,0.8167712974794895,0.8155155739498653,0.821127033379587,0.8343129939953242,0.8128725482187003,0.6918720618881767,0.8026374920386727,0.7347528764159554
ellipsoid-100d10c-8,0.8196291045928497,0.8206515569725505,0.819010013725371,0.821553673420576,0.8038294494578571,0.71590035701367,0.6998369239613265,0.6952214465705137
ellipsoid-100d10c-9,0.8136172606183246,0.8136523537563303,0.8197703684498692,0.814029284975317,0.8089631696311838,0.7507479190344073,0.669068320725345,0.6336242891025041
ellipsoid-100d20c-10,0.7755482180747174,0.7950430147305885,0.7948381734356915,0.7808994863276505,0.7916205631615488,0.6346199142749699,0.6744114372598917,0.6201122762349197
ellipsoid-100d20c-1,0.7784878464944521,0.7802114203891215,0.7885701086693954,0.7852066423859829,0.7859667040016749,0.6425222342966791,0.6655070717004695,0.8061798125786037
ellipsoid-100d20c-2,0.7770474794629912,0.8000349887686442,0.7935086246522622,0.7767014884775824,0.7675372550988036,0.6498905976341062,0.6899624468075778,0.6151699230329747
ellipsoid-100d20c-3,0.7706719119325596,0.7905710769715856,0.7892409782331767,0.7906305898442354,0.7740014025862749,0.6550070755166582,0.6666357467236097,0.8401598310101732
ellipsoid-100d20c-4,0.7827906205290944,0.8077003878850771,0.7945565245411348,0.8067535032384537,0.7789872892663576,0.653922809059103,0.6809873427136236,0.7418299784591225
ellipsoid-100d20c-5,0.7811085404991833,0.8069209765528399,0.7965716133063062,0.7957032917418397,0.7840604818378526,0.6547799728111577,0.653454245222802,0.6299030038045725
ellipsoid-100d20c-6,0.7895909381302033,0.762193348336637,0.791253697699345,0.7716184615755995,0.7734942200922177,0.6406905239306984,0.6701398127487399,0.695911470111851
ellipsoid-100d20c-7,0.7766841598901492,0.7675154789207432,0.7891592258574046,0.7890948106606315,0.7719587890738633,0.658410734075785,0.671413357653469,0.6563126835212862
ellipsoid-100d20c-8,0.779131567735181,0.7801165320014756,0.7783242761300794,0.8114913834486603,0.7906618710360463,0.6549027652299172,0.6657498606897547,0.6374111817851124
ellipsoid-100d20c-9,0.7820415819983519,0.7804359516100632,0.7934411033236857,0.7749841987450479,0.7851123985488855,0.6455715354700656,0.6609874135676989,0.6154567131128134
ellipsoid-100d40c-10,0.7139366006489956,0.75014916501165,0.7515581225504913,0.7679777746701795,0.7307340366114502,0.6579956061045746,0.6546579630010838,0.6571114216858946
ellipsoid-100d40c-1,0.7115934932132897,0.7582368321440859,0.7596288283082148,0.759074344010237,0.7451065750312905,0.6251372008607617,0.6682771615763863,0.6111369017611282
ellipsoid-100d40c-2,0.704881578650304,0.7340917204759922,0.751113598760161,0.7438161663575482,0.74458617595571,0.6126456562747388,0.6541823110629809,0.7169945994526045
ellipsoid-100d40c-3,0.7179592485016949,0.7488753512465337,0.759621421541208,0.7542841702770176,0.7397858136884073,0.6230601953229423,0.6491377456421901,0.5997820977698528
ellipsoid-100d40c-4,0.7041799014939063,0.7393637038623794,0.7430437860721436,0.7465688947949117,0.7389359882042937,0.6077653778176331,0.6416860114149309,0.747793662755986
ellipsoid-100d40c-5,0.7114763749720285,0.7467218994787259,0.7566769500030267,0.7501451637470673,0.7466846583147662,0.6158484456894107,0.6690217996224337,0.8376701263473164
ellipsoid-100d40c-6,0.7055528056830637,0.7364516229489645,0.7511476683204201,0.7393039422335326,0.7320228599440937,0.5979786470229407,0.653767053235297,0.8308780358749732
ellipsoid-100d40c-7,0.7200898261671099,0.7538302225419976,0.7429190267418214,0.7449180227747257,0.7427231377412259,0.6066400976612473,0.6551508135979385,0.6122171918201115
ellipsoid-100d40c-8,0.7146284155086822,0.7582078694671315,0.7517716898176794,0.7373915101213151,0.7338081089872335,0.6034574194250594,0.651241820884709,0.856615702103357
ellipsoid-100d40c-9,0.7159546117543878,0.7510432557389832,0.754374759069611,0.756666257793,0.7350972408260974,0.607336900025331,0.6557312836990103,0.6129832389135845
ellipsoid-100d4c-10,0.8151372807424684,0.8184232043155946,0.8180127993177793,0.8240459058288403,0.801045165177511,0.7545370121532504,0.7246617007961407,0.7981991920582558
ellipsoid-100d4c-1,0.8154412946684996,0.8244747681215001,0.8179062616555492,0.8224665121200745,0.8114336750517446,0.7999547342580161,0.6990259648353508,0.6656999934514323
ellipsoid-100d4c-2,0.8167625326036969,0.8244523393798137,0.8179002931323527,0.828095115697835,0.813986430926929,0.7955881009369236,0.7511054622035239,0.7794775588644353
ellipsoid-100d4c-3,0.8164347112605039,0.826430310133148,0.8196652175541541,0.8259542441109178,0.8126036923672972,0.7570158901386634,0.7246437319362531,0.73537832273322
ellipsoid-100d4c-4,0.8162182649094522,0.8243797047337112,0.8178044012675961,0.8266824243685982,0.8138128092449737,0.7606948470068905,0.7307609036580165,0.7541945847233471
ellipsoid-100d4c-5,0.8199263053365342,0.8216506363010015,0.8215436985224078,0.8221284208021544,0.8133178540666467,0.8231606975125603,0.7446731602962586,0.6884269657654987
ellipsoid-100d4c-6,0.8141436958324771,0.8283156244848738,0.8175295100519927,0.82809440724478,0.8074165666908184,0.8037250008844407,0.7498060831281572,0.7149492456342512
ellipsoid-100d4c-7,0.8175537255954808,0.831887455678954,0.8200977617895301,0.8317962400499163,0.8188423710790362,0.7527939138422656,0.7411221338678018,0.7099823755192306
ellipsoid-100d4c-8,0.8151690964477579,0.8261003563093403,0.817929169537366,0.8261639643553116,0.8152048646438439,0.7999391713888768,0.7665615043027737,0.733997374388003
ellipsoid-100d4c-9,0.8234273148412488,0.8249289638176773,0.8217992190494827,0.8375551548352156,0.8123318807724649,0.7619529946828012,0.751014534463701,0.7421832628897573
ellipsoid-50d10c-10,0.8120119983036436,0.8016460188024238,0.8139970011074593,0.8006199459021797,0.8001780687873795,0.7167285044380118,0.7021095005212992,0.6347838303106657
ellipsoid-50d10c-1,0.8168092718084473,0.8048837407790146,0.8160731606313435,0.8131549357157839,0.8040924725601233,0.6962590079351358,0.7131216531170713,0.6510608575139568
ellipsoid-50d10c-2,0.8191993557945934,0.8213992880218614,0.8171396116168255,0.8000610516092849,0.8018471068849877,0.6883829325357664,0.6744847550638393,0.6428948443829872
ellipsoid-50d10c-3,0.8188988175757925,0.8065373523057874,0.8213763638162872,0.8310393362345645,0.8178275631695927,0.6967234538482806,0.7951357340554649,0.6462278820284479
ellipsoid-50d10c-4,0.8137836428835046,0.7944654262224796,0.8199648198156103,0.8253830253731049,0.8002941638630345,0.7411502626631613,0.6827073641959944,0.6835690839526904
ellipsoid-50d10c-5,0.8192916497146705,0.8021682684842212,0.8158617521739477,0.8059910366901517,0.8011404683904626,0.7265324749138559,0.6612651746270122,0.6550132333875315
ellipsoid-50d10c-6,0.8170348800340121,0.8032805123378886,0.8103083436590384,0.8135030024757397,0.7953864359461073,0.6972085916986249,0.6852849225599927,0.7532707921846102
ellipsoid-50d10c-7,0.8152283432868032,0.8148587249607211,0.8140963952260807,0.8101939972093642,0.7891915496040697,0.6959084583795042,0.8097749434701422,0.629985992853583
ellipsoid-50d10c-8,0.8165613873732831,0.7807274135603434,0.8185571273832382,0.7951320453763946,0.8099612708395456,0.6896090226956297,0.6797981029800821,0.6650298374424473
ellipsoid-50d10c-9,0.8230996379365216,0.8035793945163767,0.8165311603017035,0.7921760347449694,0.8091160808807756,0.7329617784791826,0.7098776033334768,0.6581055813206484
ellipsoid-50d20c-10,0.772242072729483,0.7693181337532955,0.7751920952637501,0.7659742970690552,0.7719395001300237,0.6708914479738329,0.6940069736163489,0.6358380965272243
ellipsoid-50d20c-1,0.7816989252615973,0.7883826846026902,0.7933219043579124,0.7883453619279542,0.7919217491900176,0.6766486351047296,0.680495213166358,0.7249234492715239
ellipsoid-50d20c-2,0.7830801411824676,0.7717651786950569,0.7820227067326848,0.7854587744261321,0.7863642475426975,0.6652980378465665,0.6685968611994126,0.642912099135527
ellipsoid-50d20c-3,0.7825029470410534,0.8018541886981039,0.786502320756308,0.7876056716757261,0.7786560788594601,0.6384026177689115,0.6790173796072997,0.8475108304446788
ellipsoid-50d20c-4,0.7811487313058745,0.772730801255823,0.7813677475624765,0.7678682302850114,0.7822993983706169,0.657215215411234,0.6657885034764406,0.6261312343023495
ellipsoid-50d20c-5,0.7707744631835445,0.7699716751237483,0.7805075819404852,0.7704358931017349,0.780607013805849,0.6792360547633397,0.6765917084712042,0.8129296596312205
ellipsoid-50d20c-6,0.7664226903047108,0.7472617742064764,0.7786825893160305,0.7658448323356595,0.7515110809466801,0.6422791791610329,0.678778083606049,0.6579816693243704
ellipsoid-50d20c-7,0.758833788499328,0.7498055271799823,0.7781941883036709,0.7657134710962956,0.7608625432163709,0.6258911613931556,0.6802959236029716,0.6494057588823552
ellipsoid-50d20c-8,0.775491913231872,0.7612259164623865,0.7881215858904039,0.7599887657939759,0.7829496714591968,0.6518100438391498,0.6632406221318655,0.6105823899015324
ellipsoid-50d20c-9,0.7687298329419469,0.7848455306695806,0.7842371315156509,0.7918259073799885,0.7899752031840068,0.6760786955674617,0.6983128821250604,0.707783504030057
ellipsoid-50d40c-10,0.7149171654305851,0.7581702009303057,0.7525607135272427,0.7549034172265567,0.7552049179815208,0.6459663520586872,0.6615815866838803,0.8606496893796471
ellipsoid-50d40c-1,0.6883471279184984,0.7347578730255127,0.7484924112799869,0.7283907708533984,0.7410242989186486,0.637216334522895,0.6617206088527314,0.8194290637868576
ellipsoid-50d40c-2,0.7128610753868614,0.7380226364182356,0.7412236924032019,0.7352391651222246,0.7460230247254963,0.6453852577409883,0.6656817714878535,0.8300858985844748
ellipsoid-50d40c-3,0.7107916178694936,0.7482185887192646,0.7488010565431271,0.7468498182548282,0.7465248839925498,0.6411293264115463,0.6587971260019432,0.7572907159989943
ellipsoid-50d40c-4,0.7064925603290074,0.7370507116850591,0.751591770104934,0.7514223510299273,0.7389927553628935,0.6456995312588487,0.6772123573456138,0.7259634795987819
ellipsoid-50d40c-5,0.7013642098596473,0.741411648533296,0.7555156722832375,0.7530622172964699,0.7535520927927359,0.6509207753974391,0.6700067012973897,0.6214897984552006
ellipsoid-50d40c-6,0.7155602621759096,0.7307563971446588,0.7544854448558461,0.7392510347248024,0.7417965034202638,0.6700470861748056,0.7952023325554517,0.8068226960213829
ellipsoid-50d40c-7,0.715687681333839,0.7486626034565138,0.7536416741709924,0.7516649017696986,0.7336694516917348,0.6624739152685052,0.6705225357464129,0.599764308213257
ellipsoid-50d40c-8,0.7028496581326532,0.7393160532417584,0.7372354291702156,0.74054306528693,0.7451021402015842,0.646339759176149,0.660632494178582,0.6019864972624742
ellipsoid-50d40c-9,0.7069491111470843,0.7569612500267681,0.7496741718208637,0.7440026657044683,0.7487737107009125,0.65743664637813,0.6618966111309692,0.6101356961250588
ellipsoid-50d4c-10,0.8151505340811557,0.8186218963578009,0.8166987719235562,0.8251023427335691,0.8137133704038295,0.7685859124599558,0.7307337995750544,0.7050093604243589
ellipsoid-50d4c-1,0.81690509643726,0.8254702991744207,0.8194010441086205,0.8261377485277718,0.806945264055121,0.744257920113923,0.7487703229585356,0.6424848973670204
ellipsoid-50d4c-2,0.8136163554659104,0.8249458359233597,0.8173141500800449,0.8245890234728421,0.8127228081551939,0.7568359621694626,0.7598458691637153,0.748890338274103
ellipsoid-50d4c-3,0.8129608707209162,0.8219658362856096,0.816512047033987,0.8219704342870063,0.8072135616399911,0.7519634005272237,0.7236479338666949,0.7247955577100128
ellipsoid-50d4c-4,0.8176256662271421,0.8289359827722173,0.8206652657362827,0.8282960308713847,0.8187003274258136,0.7484273075148444,0.7479560895823457,0.676550098133724
ellipsoid-50d4c-5,0.8170386793120338,0.8264341251631299,0.8183453487923611,0.8071468227850069,0.8083822820595111,0.759232522263164,0.7503736674366122,0.7390130365696436
ellipsoid-50d4c-6,0.821643695512288,0.8367038384215528,0.8219005263376337,0.8350427347381262,0.8129400808316072,0.7437675080124253,0.7300231991890997,0.6767603355935953
ellipsoid-50d4c-7,0.8096536352999502,0.8204391109426947,0.8149347337603349,0.8207508415029535,0.8005516310701438,0.7613643847249325,0.754206641578865,0.7525008846141579
ellipsoid-50d4c-8,0.8094848001273822,0.8147109554277117,0.815761957896855,0.8174822748508014,0.801979025302806,0.7471429679266939,0.751681609177069,0.7216625749823443
ellipsoid-50d4c-9,0.8154209652854835,0.8518623645521167,0.8152534436219971,0.8445120944981136,0.8143139513402347,0.729616453060753,0.727606126404264,0.7452983180782716
epileptic,0.6319550604609919,0.6574126272677148,0.671381014996677,0.6719282153779019,0.6185664647770063,0.6401209919104032,0.5432223774508518,0.5697247418592616
fashion_mnist,0.7202853145507624,0.7359517673904593,0.7292378202092654,0.7383097573977813,0.7170372988558581,0.7991796361404494,0.6939070809152394,0.681463771869901
fmd,0.5897305055509363,0.6334853402727302,0.6363283444536793,0.6377333127692462,0.5853959076084095,0.6447099168776893,0.5800454666911335,0.5244621283311842
forestfires,0.6574412042501123,0.6578466237214443,0.6596110637139737,0.6668546039458327,0.650671440301376,0.5857281304133697,0.5890778936494748,0.5793844214362108
fri_c0_100_10,0.6381402048237903,0.622715752065075,0.6292182490071903,0.6240969759876785,0.6370983336694168,0.4932907331814829,0.5939500609365286,0.5433596204397119
fri_c0_100_25,0.603262758342834,0.6099929742913115,0.6255001358388655,0.5859750391525034,0.5981853115460218,0.4627799534867618,0.5360831551684893,0.49388925982050996
fri_c0_100_50,0.5678032923848575,0.6029270310335823,0.6045801014010204,0.5748903811016689,0.5620330049857802,0.4650595075627759,0.528764433846247,0.48771608385741966
fri_c0_250_10,0.6420669851854958,0.6308840017652103,0.6254313166363193,0.6388308480016934,0.627979132238925,0.5820359571190592,0.5866810110321626,0.5723846886461212
fri_c0_250_25,0.593856927755899,0.6148325095117035,0.5983728202499312,0.6063826005351107,0.5980196706718097,0.4649135409736872,0.5565676351425772,0.5065122890620468
fri_c0_250_50,0.5660228274122212,0.5824160796758566,0.580334714591168,0.5496724802782608,0.5389649749072956,0.44276999727022404,0.5158502210810545,0.5149925605522286
fri_c0_500_10,0.6680774178262272,0.6718324755039127,0.6581113416398967,0.6788116333428171,0.6702427274722279,0.5039168577019757,0.6065784742690831,0.5537620235514458
fri_c0_500_25,0.589233407784784,0.6102289195855072,0.5922733660249879,0.5928167310641985,0.5873463911393614,0.47192036404916704,0.5260526944156396,0.4952956799033025
fri_c0_500_50,0.5690798119289051,0.5823671331896152,0.5861457872980883,0.5708471830033325,0.5527889170907375,0.4437936687374278,0.5152580878934748,0.4998783028610866
fri_c1_100_10,0.6676659418246743,0.6589308695556648,0.6620567963181204,0.6561800415509697,0.6593601886692846,0.5793852340750631,0.5951615420357801,0.5365755541125586
fri_c1_100_25,0.6096363137077616,0.632689073719534,0.6077199455174943,0.6047403799344875,0.6104569383196072,0.47662373405992453,0.5510994514392985,0.5035401840302721
fri_c1_100_50,0.5808559046304614,0.6024178995437607,0.5948830335087657,0.5647094777209236,0.5546396881934601,0.44429530591424465,0.5215200812070806,0.47198786197535736
fri_c1_250_10,0.6682233062852724,0.6805355768739534,0.6727150265642027,0.6666560975696385,0.6633082516591452,0.5957429369837829,0.6141541406552813,0.5724354225338413
fri_c1_250_25,0.6007283203944435,0.6224834568546497,0.6183436439556549,0.5997564018388157,0.6108770783955706,0.47782432031089017,0.547609422740981,0.5087466879701887
fri_c1_250_50,0.5670832042567034,0.6019960015588202,0.5756735845259524,0.5584356405550975,0.5496487118405438,0.42510226373091997,0.4968923674070882,0.4710284607264404
fri_c1_500_10,0.6543237165993658,0.6750712453521222,0.6693852227303043,0.6584851469576997,0.6685394373110597,0.5965775011134075,0.6008256026977778,0.5650579108619496
fri_c1_500_25,0.5885919905182764,0.599278365555027,0.5954897808646208,0.6010497664507237,0.5912520745757485,0.5000090957607378,0.5369268197956114,0.5066353373656484
fri_c1_500_50,0.5629535848612669,0.5827707199024497,0.5874727631082554,0.5806789472227174,0.5569208844887836,0.43395163897240074,0.49186521440338743,0.46719656194398257
fri_c2_100_10,0.6635824826484626,0.6468346797637885,0.6428512999971432,0.60061763873007,0.6607665891607956,0.5854530010986013,0.5985628285789109,0.5472279859986993
fri_c2_100_25,0.6072428310395027,0.6179459918921555,0.5880213380945964,0.5727079826512081,0.613487194225769,0.46397316090734086,0.5374941942781397,0.5024582703262105
fri_c2_100_50,0.5997008029829219,0.6217361272192817,0.6250941711407365,0.5767162216574634,0.6013835874320066,0.47024628054453893,0.5355346056294303,0.534021772937687
fri_c2_250_10,0.7375381762344,0.7440208972961515,0.7158369988265283,0.741439575966981,0.7406458193289505,0.6669896143212811,0.6644384752227146,0.6418704620001712
fri_c2_250_25,0.5905622730570418,0.6068257381791798,0.6036584167472598,0.582779851325775,0.5836055702874596,0.48030304273342345,0.5356325779167503,0.5082007039502268
fri_c2_250_50,0.5760529612328771,0.5943024263522731,0.5705909995003784,0.576828797537071,0.5592362723312265,0.42761430341516604,0.5242586225066679,0.5035794179361396
fri_c2_500_10,0.6856797539195025,0.6896766724348239,0.6864005582835058,0.6885019455729136,0.6943351479411258,0.6659677588163578,0.6524294166772229,0.5950445837419209
fri_c2_500_25,0.6321928559429677,0.6530062584650259,0.6472773206544078,0.6352092790829611,0.6387623655210648,0.5513349224761332,0.546124982986243,0.5238569924887135
fri_c2_500_50,0.5667249680777483,0.5821266472684741,0.5771600774389558,0.5767446877823914,0.5608111862335433,0.4521083787872039,0.49969025744244744,0.4634084022388773
fri_c3_100_10,0.6923991042641992,0.6959666845309511,0.6964228909121799,0.6560776848679483,0.689884135690173,0.6305331942214227,0.6392783012889615,0.5622799789556582
fri_c3_100_25,0.6312903109266912,0.6628364434963274,0.6323102371587839,0.6006567218597332,0.6303544143968784,0.5117775873656842,0.567610970245121,0.5058651233977934
fri_c3_100_50,0.5839060350227955,0.628440093303589,0.6135158460120712,0.5539025169231797,0.5718265875338335,0.4511510119004071,0.5286668627384522,0.5146295328790391
fri_c3_250_10,0.6884785046599772,0.7037478119438717,0.6742078711458561,0.6840543920027782,0.6823662005064788,0.6227805783798743,0.6208851983158781,0.5663191802146122
fri_c3_250_25,0.615654138440182,0.6351083265919645,0.6289760013055095,0.6058045122893747,0.6129743879420748,0.4945395878906136,0.5404614598667702,0.509874533924168
fri_c3_250_50,0.5739074452385948,0.6128976277266107,0.5908045189293106,0.5722652826732821,0.5515807629967715,0.4291669300392188,0.5125132034366889,0.47572923627970914
fri_c3_500_10,0.6871055119193684,0.6917893161884672,0.684803714496625,0.6907444937413484,0.6698824876439913,0.592154599215565,0.607921795455767,0.566858562344766
fri_c3_500_25,0.6006774267555713,0.6340404359004095,0.6173926771447414,0.6113937746498801,0.6089265584288663,0.47179893733910633,0.5376141680731743,0.4963722789350615
fri_c3_500_50,0.567381391589684,0.5941846045993888,0.6000660689818121,0.5725581825585969,0.5415211868067028,0.4423145494970836,0.49351256342053107,0.47264085862532423
fri_c4_100_100,0.5640927919421757,0.6106770117960434,0.5720947969848572,0.5806105250602681,0.5475503292491486,0.5001707209294449,0.5156550724639436,0.4752904913175831
fri_c4_100_10,0.6911286390008138,0.6991248587139537,0.6974649167369277,0.6796739368143621,0.694506679177934,0.6223952721473297,0.639579549537143,0.5597510847242063
fri_c4_100_25,0.6128411905593175,0.6405668257931005,0.6454077016508,0.6166450079654459,0.6087601328172805,0.518262497360299,0.5549908041485094,0.532508895090234
fri_c4_100_50,0.5830461257922837,0.6146917345818804,0.5930851810223778,0.5891871088303097,0.5743129700488712,0.43643090178142663,0.5334395463019528,0.4929881245021943
fri_c4_250_100,0.5395225999797557,0.5874714068399733,0.5597995489677519,0.5555436991895225,0.5193593675903276,0.5147088320438762,0.4851113567324086,0.47172464554292287
fri_c4_250_10,0.691057947048471,0.6978541644106475,0.6963761196106807,0.7014411075075834,0.7006733506793033,0.6064040682633617,0.6347122329820019,0.5565776062155965
fri_c4_250_25,0.6165714027351185,0.6440064712392143,0.6374426635873852,0.6186255353738775,0.6251806810489274,0.47979223441044205,0.5532692673955216,0.5092069124271112
fri_c4_250_50,0.5779462424191758,0.6248796395143189,0.6059352007540763,0.5762327275740391,0.5594004865571705,0.4353585376720622,0.5064737566856103,0.47758431210522084
fri_c4_500_100,0.5307399095458403,0.5830419141508619,0.561352050235478,0.5527818371524852,0.5035505003145481,0.4998814809486369,0.4631586623126201,0.46651349717848856
fri_c4_500_10,0.6906055183716561,0.7017208314705962,0.7107187241263675,0.7038939267773985,0.6950665922583801,0.644140904870927,0.6373630042321735,0.5849388850450352
fri_c4_500_25,0.5970338073856623,0.6351384138868629,0.6356400704517291,0.6154110345219175,0.6131650699652119,0.47315974019902,0.5394242578228529,0.5113153508867222
fri_c4_500_50,0.5621446098236633,0.606425936571922,0.6047282010625481,0.5925268831433128,0.5597348680376493,0.4365697829848768,0.5012150366192637,0.47226172852824516
g2-1024-100,0.7324081970400069,0.8134627624769266,0.814558116990337,0.8141300638001484,0.7320017189384955,0.7584388239040238,0.6918595332154919,0.6727133025245544
g2-1024-20,0.725064079737694,0.7346704086975052,0.7336011547818637,0.7355849308162399,0.7219600573215711,0.7089706592390219,0.6923028776940744,0.7076762321825057
g2-1024-30,0.7339784671141114,0.754866924711999,0.7544671039700726,0.7539811490515477,0.7325020567908845,0.6614396086386051,0.6915808055425867,0.7247733428435722
g2-1024-40,0.7393826975086172,0.7690282927706023,0.7688016858635196,0.7682876762824543,0.7403201265718624,0.7123987384590714,0.6903785749527565,0.671202918536169
g2-1024-50,0.7452904386253278,0.7810752146920648,0.7799333881013177,0.7794301678082027,0.7440502229225452,0.7423690819510587,0.6906121121219723,0.6693785163076871
g2-1024-60,0.748706301969159,0.7918352495924809,0.789852875526355,0.7920173862821793,0.744174149435781,0.7571095707895431,0.6907337110527546,0.6715921920968507
g2-1024-70,0.7354195938258362,0.7980061251965711,0.7976815891822995,0.7975249655026848,0.741823326719168,0.755297795715644,0.6903750806967721,0.6717212668758582
g2-1024-80,0.7309190090480986,0.804977291126536,0.7929334816101664,0.8033759904167891,0.7384453708569966,0.7516587034988067,0.6914952675575623,0.670972955026918
g2-1024-90,0.7297875004066494,0.8095590836290741,0.8080525698440567,0.8094914920497953,0.7344732529537993,0.743952644565893,0.6905796356761467,0.6703987240994896
g2-128-100,0.740306955190243,0.8132580824952331,0.8124976045069092,0.8135568808071214,0.7354206197350518,0.6643239717542014,0.6936009828693647,0.6710488928221034
g2-128-10,0.7188902192559693,0.7190109901975101,0.7191483073016548,0.7185431622410385,0.7143856432140138,0.6669286003811897,0.6962532091938091,0.677179290035868
g2-128-20,0.7302776362009216,0.7406205924594053,0.7420433766568693,0.7395114946792523,0.7258820575383651,0.6666177577841901,0.6949990861446443,0.6751455399232345
g2-128-30,0.7399242883497281,0.75889110936651,0.7584892563783887,0.7576916694642811,0.7361105495782087,0.6678260868196148,0.6968749344523,0.6762528865944069
g2-128-40,0.747622565525178,0.7743356414892866,0.7744725058864226,0.7736039740330554,0.7447337091367265,0.6687164642276691,0.6964342509356929,0.6756158718460756
g2-128-50,0.7527085132760489,0.7846610545286486,0.7856822171855524,0.7852512655513317,0.748147562531179,0.673940015238908,0.6976435545977052,0.6796818634082301
g2-128-60,0.7524248120472199,0.7952694388022249,0.7933108558361435,0.793597174599552,0.7472113356950251,0.6706089805440414,0.6965937380832192,0.679738700715981
g2-128-70,0.755156106360793,0.8014935041577083,0.8009004964211659,0.8008511208396787,0.7452310104066715,0.665784744519959,0.6987610558378303,0.6751363306926484
g2-128-80,0.7518245433905221,0.8062342781101688,0.7972627083089987,0.8062943388643443,0.7425479576054472,0.667898749525409,0.6966754724140167,0.6757785801437108
g2-128-90,0.7349560166645752,0.811573914399729,0.8108474426033693,0.8126047536489847,0.7384914541944132,0.677033080120299,0.6946988805409215,0.6741840942545402
g2-16-100,0.7329555206924067,0.7674608592638512,0.7631270674178181,0.7690606090809232,0.7233006734030896,0.6508087997368379,0.6825940987152702,0.623901781590395
g2-16-10,0.7363960292768832,0.7420792908716074,0.7416255980654873,0.7413861994537277,0.7258711672382852,0.6781748896857462,0.7314532336682182,0.7005799522629308
g2-16-20,0.7514611677659662,0.7595701850457643,0.7595084966198066,0.7599424066424367,0.7410130959007557,0.6789869793496128,0.7281881366698733,0.7139438958250033
g2-16-30,0.7601400810334282,0.7748928929903088,0.7724081955042494,0.7745058210755122,0.7518880039891095,0.6783792432810294,0.7282380014515065,0.7133627753260994
g2-16-40,0.7656503147778454,0.7867938904569242,0.7839409918568861,0.7867689158351984,0.7580682663865409,0.6685349535233827,0.7302240813755253,0.7077617630593435
g2-16-50,0.7673940675415495,0.7952290340745636,0.7888559235342762,0.7956955577323022,0.7611882269258868,0.6540893112447943,0.7352094475105346,0.7085285630783857
g2-16-60,0.7609033734472705,0.7974753418681979,0.7952562629012773,0.798486929780762,0.7571483632144563,0.717351124065744,0.7319298892271778,0.6960805678352691
g2-16-70,0.7630288188996652,0.7961653435661636,0.781026288434491,0.7960109670420882,0.7525585110498663,0.7074757925029549,0.7208443623622982,0.682085098187619
g2-16-80,0.7495980906860258,0.7878867926825409,0.7838775688276766,0.7885491392219091,0.7444745005381626,0.6974624621710386,0.711871961283074,0.6711973551826247
g2-16-90,0.7352679216551079,0.7772207406587224,0.7713452284062708,0.7765219796009125,0.7335818011384811,0.6627540055942551,0.6946428363121774,0.6410304241808653
g2-256-100,0.7302077613623549,0.8146298761218732,0.8146873425087016,0.8142770255945504,0.734421642254673,0.6796731522506458,0.6929058060090163,0.6706960857806259
g2-256-10,0.7133577192933022,0.71672026573491,0.716605044375573,0.7161146460763442,0.7123086161230422,0.666676659699433,0.6929607267352308,0.6729310458391821
g2-256-20,0.727439764032727,0.7381684830989517,0.738318840003703,0.7368862982611815,0.7241324094556568,0.6682634147704526,0.6923505181643399,0.6728186323962398
g2-256-30,0.7357706921153035,0.7564551659026959,0.7563556400560385,0.7554865528691892,0.7353474156984087,0.6650932380710295,0.6936396786554988,0.6729420515898491
g2-256-40,0.7452215504402205,0.7718941711871088,0.7716822985131486,0.7710696379235769,0.742494508290726,0.6657962851789944,0.6958633189827423,0.6704818082668427
g2-256-50,0.7512576188510856,0.7856765619208823,0.7848605923577864,0.7841333330739394,0.7471956279188471,0.6660932275736243,0.6937713130980245,0.6732295658714955
g2-256-60,0.7493284231924626,0.7920268519026961,0.7922019043884629,0.7918223297112252,0.7465243294700444,0.6694008900888888,0.6943553618955494,0.6732841796079385
g2-256-70,0.753808470216084,0.801179356259577,0.7876364423598476,0.7996267799574498,0.7439774367428502,0.6671971175515118,0.6942195697903297,0.6733469237056775
g2-256-80,0.7575773333899374,0.8048889114094777,0.8060167429249979,0.8054950453518899,0.7412781364793041,0.6606752491335909,0.6944744796146864,0.67361719744467
g2-256-90,0.7455490143676352,0.8110947551501001,0.8113550336407764,0.8112708315427627,0.7381097737552503,0.6690980030319263,0.6949018627812669,0.67156834828179
g2-32-100,0.7298345801271223,0.786986406507892,0.782667668954914,0.7869533634794272,0.7272649441371556,0.5946715791982874,0.6853543428360991,0.6503437024727187
g2-32-10,0.7275855448246185,0.7318409504426064,0.7325558554667553,0.731885394265447,0.7210618195720421,0.6781283015187684,0.7160347395093021,0.7061731406629219
g2-32-20,0.7389540444770029,0.7513309444452676,0.751463605833963,0.7508382257062609,0.7325427339429647,0.6730239467169217,0.7169651444812422,0.6870125859536371
g2-32-30,0.7499313489823349,0.7670501555235663,0.7667196034891429,0.7672661347305502,0.7437682729251902,0.6713474701515939,0.712374751358672,0.6928737219831549
g2-32-40,0.7613355608178829,0.7808827898180458,0.77962886005278,0.7807484177941486,0.7501029278504656,0.6710808621812056,0.7159137149489851,0.6857837378950098
g2-32-50,0.7599697962582213,0.7908226761135685,0.7896728894884716,0.7911542698295315,0.7537518164402284,0.6607142059123103,0.7169902265132301,0.6871464110488597
g2-32-60,0.7523112148067547,0.7987024392094637,0.7864031052086113,0.7989051753041548,0.7530942978424602,0.6568979717952043,0.7153323120022355,0.689785597977568
g2-32-70,0.7517948578530352,0.8028019147283747,0.7904349473280179,0.8029133839841837,0.7500348081046433,0.7025767301407401,0.7132518279631203,0.6800346255867299
g2-32-80,0.7533365790248134,0.8008862572839153,0.7972017628773924,0.8022486440146434,0.7439885799051538,0.6324064948765196,0.7079142227012987,0.6737951254715553
g2-32-90,0.7415408760983955,0.7974520702523324,0.7921304042444437,0.7980164999646231,0.7368155431394865,0.6843408006987557,0.7010788319060753,0.6665163082182423
g2-512-100,0.7383397294038663,0.8139990540055841,0.8139149255972707,0.812471276153324,0.7330364348779089,0.7571792491665843,0.6921725619544559,0.6709395842229087
g2-512-10,0.7113813069003401,0.712716094429091,0.7136075686645464,0.7119117740003703,0.7102862065820947,0.6662209586592214,0.6936970412404396,0.701002861764204
g2-512-20,0.7208518342956791,0.7359340393064174,0.734437165380077,0.7339856614081536,0.722849090714064,0.6595317577855306,0.6919052078718687,0.6743022208715652
g2-512-30,0.7360301350660157,0.7550236668995198,0.7551952115151318,0.7539906557357607,0.7334298873830389,0.7250990180943064,0.6919306528957688,0.6751250829842439
g2-512-40,0.7431019146941424,0.770721374626931,0.7716378704170036,0.7692319787284843,0.7413187536767307,0.7277552623078047,0.6923272990076755,0.6706299343694581
g2-512-50,0.7394721768167781,0.7844355619912411,0.7816845105717953,0.7822385434300314,0.744881879704048,0.6677195194992535,0.691877434352694,0.67236883965481
g2-512-60,0.748720944565831,0.7910778704644305,0.791376012614856,0.7904777411825178,0.7451437401519511,0.6647539268832323,0.6930218407461467,0.671745712535665
g2-512-70,0.7349207738711143,0.800291006020385,0.8001151071279098,0.8015113711795869,0.7428177557355722,0.7438272731047798,0.6905501496174321,0.670922423864608
g2-512-80,0.7438282966135954,0.8049111848124477,0.7963488569334699,0.8051083629102026,0.7399410675615303,0.7453388890016205,0.6932155360820468,0.66995789992669
g2-512-90,0.7543840103438921,0.8094841261112539,0.8003667081837863,0.809946327153041,0.7371205487873957,0.7436978073677245,0.6933925482220571,0.67266216056183
g2-64-100,0.739406835505562,0.8048030119572045,0.8035086341072188,0.8049542040621891,0.7329851914861033,0.6801387269791908,0.6916541645873822,0.6625634383934338
g2-64-10,0.7201518349115243,0.7242656796057154,0.7252038297070508,0.7242987397595897,0.716336513233706,0.6714146123315714,0.6991745970102776,0.6805216051473366
g2-64-20,0.733859636813674,0.7455401646132647,0.7462225078895706,0.7451675699474631,0.7290425510793079,0.6697404611110932,0.7055048169713041,0.6794389790769441
g2-64-30,0.742196508861704,0.7628646196428549,0.7647839811342172,0.7624170060703551,0.7399693547967157,0.6705549171260137,0.7020268939798344,0.6796402107684462
g2-64-40,0.75240626842812,0.7774241735743777,0.7770379387494042,0.7777077424419375,0.7465751980473632,0.6754671059245912,0.704595115366802,0.6785178759764332
g2-64-50,0.7523878755189464,0.7868600744204388,0.7857090819954072,0.7868355154922065,0.7493716347804746,0.6649614625309336,0.7036095537303299,0.6788733606721704
g2-64-60,0.7574301875947993,0.7972884184336985,0.796155724106207,0.7981199077096092,0.7501720612721544,0.6906657026448079,0.7084498416447075,0.6823305976555906
g2-64-70,0.7527701631453099,0.8032031231526103,0.8022575913453107,0.8027901391954899,0.7468323861428783,0.6752704840906698,0.7013396454661207,0.679185387372055
g2-64-80,0.7505372705054703,0.8070635438471893,0.8065811525609851,0.8066421913181099,0.7435978608842952,0.6947794082450559,0.7005027796820246,0.6801981182588578
g2-64-90,0.7435096581164375,0.8082129418652663,0.8079196559078893,0.8086193445931888,0.7392861035596254,0.6654511438439542,0.7004127449789801,0.67270139961436
gaussian-10d-10c-no0,0.7506174224962601,0.7068049826464982,0.7408024377536775,0.7385901595359708,0.7502773842113056,0.736064648672785,0.6832196155228758,0.6706045079852572
gaussian-10d-10c-no1,0.7497073621961058,0.733313289051014,0.7522509146465499,0.7352411187849184,0.744748917938288,0.734607101689993,0.7049542160790647,0.6732587359088095
gaussian-10d-10c-no2,0.7404117846838593,0.7374122984262645,0.7497670925681081,0.7442156922474219,0.7496434535246557,0.7385116903611945,0.6909122554174819,0.6593562453591483
gaussian-10d-10c-no3,0.7389286108638172,0.700914819413324,0.7353458647471335,0.7124927987733428,0.7379072798614105,0.759027063593451,0.6861480559424672,0.6740992223688169
gaussian-10d-10c-no4,0.7337582075093592,0.7309424641023086,0.7193386792932406,0.7134209276276819,0.7303903266061974,0.737165393191243,0.6912973962335632,0.6732823361370995
gaussian-10d-10c-no5,0.7459572181262977,0.7273253098492105,0.7508651407197873,0.7417888391347712,0.7274454182228175,0.7470893642223599,0.6858065911160287,0.6735739868094259
gaussian-10d-10c-no6,0.7362023176865089,0.7273067124456926,0.7407978786681959,0.738606098322083,0.7343105509122205,0.728753869487158,0.7073108333554894,0.6724307467418738
gaussian-10d-10c-no7,0.7481953116464891,0.7222465279404459,0.7444993061674483,0.7212765124906826,0.7382420967794295,0.7202784437437116,0.6917887989562889,0.6516363137463153
gaussian-10d-10c-no8,0.7522357417089724,0.7021768191112565,0.7432582283624354,0.7282328290633868,0.7502815176050831,0.7164058255621298,0.6936163384080485,0.6272780558964974
gaussian-10d-10c-no9,0.7487345939335436,0.7295289867441112,0.7364836498470974,0.7367191861408997,0.7289275914081128,0.7472697096645197,0.7063786239375636,0.672021261023794
gaussian-10d-20c-no0,0.7649925896077063,0.7367446521758513,0.774487416299354,0.769047726450007,0.7819591025721572,0.7297659341976498,0.6669930595927679,0.705494302498675
gaussian-10d-20c-no1,0.7594980065874408,0.7668151303358416,0.7851126301696898,0.7610620969063943,0.7815296068510833,0.7587491392778176,0.7217747023358205,0.7144247112496389
gaussian-10d-20c-no2,0.7597698330770395,0.710265221335461,0.7688634061413469,0.7417061490576824,0.7685067507031661,0.7510943717575163,0.6994894833255073,0.6900168959132627
gaussian-10d-20c-no3,0.7569797538143781,0.7088038780396292,0.7605969709651774,0.7327693454127882,0.7683539789450287,0.7484980833196543,0.663437730479059,0.6869373416976398
gaussian-10d-20c-no4,0.7652049984786687,0.6996579010001575,0.7695848409380838,0.7398711975504184,0.7836821441463392,0.7370419025911247,0.6784255674079074,0.7050488444583778
gaussian-10d-20c-no5,0.774475598783787,0.7332719703150115,0.7796297173124673,0.7522337331918715,0.78579064243403,0.7576070154258284,0.6962177006892715,0.7061288048520831
gaussian-10d-20c-no6,0.7511143526730549,0.7337800601305744,0.7774000583503385,0.7392343185442132,0.7741984902419706,0.7617158814622492,0.6518470676303386,0.7412730705377836
gaussian-10d-20c-no7,0.7580517124036757,0.7518049278404682,0.7825797361538605,0.7589208210096998,0.7865420487674684,0.7395708467703985,0.6790574099659319,0.7474257305395879
gaussian-10d-20c-no8,0.7487706213239671,0.7317649251167563,0.7686468777760573,0.7218965320483117,0.7666329134778243,0.7461086392606125,0.699218531716243,0.7248664920303811
gaussian-10d-20c-no9,0.744792927821982,0.7544164920988551,0.7838809130020904,0.767642784269774,0.776804776874065,0.7767067951859008,0.6922377243049128,0.7188451935819288
gaussian-10d-40c-no0,0.6710676408275363,0.6853973817918698,0.7085142697641904,0.6870185893769329,0.7200303106140039,0.716534897731677,0.686229135133952,0.7098571426968991
gaussian-10d-40c-no1,0.6565825306730144,0.6616327965212827,0.7147228178340536,0.6923503984694627,0.7165202109688499,0.7060859260285117,0.6698388094389377,0.8070398784692531
gaussian-10d-40c-no2,0.6788503663904613,0.6331828515174254,0.7127894330836504,0.6896950858892962,0.7192082309102357,0.7174054318761189,0.6543991947873613,0.8096016143444291
gaussian-10d-40c-no3,0.6679600146491704,0.6628857953408267,0.7021139494454218,0.6811180453919701,0.7202318437342405,0.7153778235609154,0.6785832624060564,0.6895050861931351
gaussian-10d-40c-no4,0.6648047510777522,0.6772657265309571,0.7081257191173846,0.6806950772132102,0.7114783725617424,0.7126665986368818,0.6407647237503219,0.793044395838398
gaussian-10d-40c-no5,0.661867624707272,0.6795197829881319,0.7027750297211061,0.6939487702593506,0.7143607430372474,0.7081191891776287,0.6704237420681926,0.6978418513239876
gaussian-10d-40c-no6,0.685245684889037,0.7007189273695154,0.7164074328712527,0.7004948145226837,0.7126620920071174,0.707017696235388,0.6676898242624969,0.7088120378141933
gaussian-10d-40c-no7,0.6717090993370964,0.6642118355862514,0.7048402909815988,0.6826804651789962,0.7201118532128132,0.7183036027723493,0.686302601643507,0.8033070438014491
gaussian-10d-40c-no8,0.6793509735338367,0.6733839663790502,0.71274779480211,0.6876840448506203,0.7115305625832549,0.6862245143330596,0.6774203950310577,0.6920138078294973
gaussian-10d-40c-no9,0.695438730322854,0.6755286911645457,0.7254508725464588,0.6898649981261004,0.7334303360481595,0.691090957189345,0.6582215687734452,0.7978505788626334
gaussian-10d-4c-no0,0.7893782526314317,0.795296992275041,0.7985022888379657,0.7939514586991552,0.7663911191646917,0.7779085541747799,0.7316977547804511,0.7128696051105723
gaussian-10d-4c-no1,0.7804243990985416,0.7999736395280164,0.8048607263386659,0.7903524759332926,0.7745383038340914,0.7871750654766965,0.734249267616452,0.7637560629272159
gaussian-10d-4c-no2,0.7902061968415933,0.7898222699513934,0.7929329672695069,0.7925744663338208,0.7838087215994494,0.7405273569073907,0.7376036302242426,0.7082491909244364
gaussian-10d-4c-no3,0.7892050436020761,0.7799960754600234,0.8022018221665308,0.8064329907071783,0.7894588188186968,0.7607851065516518,0.7471488871946679,0.7291686584550974
gaussian-10d-4c-no4,0.789499138114284,0.7963896702150783,0.8008148905806903,0.7984469531756339,0.7710665013520418,0.7670896865419286,0.7379022955901218,0.6991585866544541
gaussian-10d-4c-no5,0.785489113582374,0.7965136717989687,0.799063958733326,0.8000411674907433,0.7783703904237368,0.7850944036706896,0.7464245189850113,0.713011235278438
gaussian-10d-4c-no6,0.7957721997588295,0.7772697218394211,0.7993312673316422,0.8016565337894761,0.7858591052779043,0.7794445553842684,0.7388330868074675,0.7452790205873691
gaussian-10d-4c-no7,0.802497469094954,0.8059317890528191,0.80279717232372,0.8118791612407676,0.7967856799887111,0.7563485393922534,0.7535789039282739,0.6892976193092469
gaussian-10d-4c-no8,0.7972000678950083,0.7986274267839626,0.8020806664307685,0.8040519751323035,0.7931587108841144,0.7722314225703004,0.7498655302882756,0.714866855391342
gaussian-10d-4c-no9,0.7917730511780208,0.8012788540186724,0.7959648100425836,0.8025707666798594,0.7895111145570415,0.7755923137792896,0.7317826804200241,0.7187960622068733
german,0.6918066055714671,0.6826272400578011,0.70053231575109,0.7027144400443793,0.6981408637792768,0.5949219061713549,0.6212968385985274,0.6172829798428552
glass,0.7357094551601129,0.7285850826042019,0.7420035265158356,0.7379632174572771,0.7277058326654042,0.6748158221743554,0.6647208083710388,0.7486982385143104
har,0.7442301875007395,0.7344823361210862,0.754964022777556,0.7385152296165949,0.7352579151719392,0.7613646161940586,0.7431289077336325,0.6824104529261554
hatespeech,0.659166979241839,0.6563072660995596,0.645779338559619,0.6579808217870059,0.6227103181163693,0.5345570174224045,0.5779698245354425,0.7174186000557755
heart-h,0.7417448609853585,0.7496004647114447,0.7475164802086246,0.7494026215198301,0.7445046392289216,0.7003802274012647,0.6455172654419832,0.6864027586340411
heart-long-beach,0.6466463250654916,0.6615193168896316,0.6498451704696637,0.6632855618570582,0.6422695603823019,0.5832235834003487,0.6066667849219183,0.645799596134918
heart-switzerland,0.666566354502576,0.6567546273016015,0.6581521801434169,0.6762490203198259,0.6676298565288403,0.5626225133254786,0.6016304951599668,0.5656022907036345
heart,0.747869313647447,0.7580472716984942,0.7425186272943859,0.7528503147745206,0.7477431245047226,0.6875922499382365,0.689382968509043,0.6331532381050672
hepatitis,0.7506720223092114,0.755593727843594,0.7568281022881884,0.7452059247079765,0.7394190905951114,0.6920374977380993,0.6896113280009748,0.6151981060930117
hill-valley,0.7160800907766048,0.716857985576889,0.6723397556536185,0.7180419820478212,0.7144234224132144,0.6798119895533897,0.6153895876785628,0.8365295785992046
hiva,0.716135332291626,0.7426477249111263,0.741768726465217,0.7470539844552138,0.7146006205263457,0.763889398795594,0.659204060107479,0.7791943826604278
horse-colic,0.7109273071330927,0.7263318245016974,0.7141281404089418,0.7284852169130528,0.6906566448106659,0.5955614048671503,0.6579159595641759,0.5791151833498082
house-votes-84,0.7594995452861669,0.7799966047969946,0.7715089937567732,0.7788958281691121,0.7456001959268928,0.7075988213440702,0.7013065793980674,0.6626698592514563
imdb,0.5941685365490608,0.5686128054037141,0.5704072664106067,0.5684254190822684,0.5315198749954126,0.4291756234813384,0.5472958246413462,0.47954923070555616
ionosphere,0.7560420753092421,0.7269456894632554,0.7368123934121484,0.7298070943303162,0.7471782515920251,0.6611819736424767,0.6702974804799531,0.6306045836636534
isolet,0.6731626455120155,0.6971498990311564,0.7047522530670832,0.6981288064511801,0.657460928639525,0.7612329578758745,0.6904952381817553,0.6986310244608136
kc1-binary,0.7450905314327653,0.7562678081724774,0.748427234710238,0.7565587714607434,0.7424041780023902,0.6314856382482545,0.6667827037168602,0.6179613542746701
kc1-top5,0.7876239317509515,0.8004057392069601,0.7913828997348686,0.808575897676404,0.7847687100220947,0.682012265000393,0.7107235904163677,0.6659835648127781
kc3,0.7904667589732319,0.8015820820593029,0.7890457175845385,0.7988131640484438,0.7804503332434991,0.6951751255876802,0.7069761603050015,0.6173526524402025
kdd_synthetic_control,0.7931874495815985,0.7881486674833654,0.8034775123904678,0.7858294215791137,0.7748085770707845,0.7392359699076774,0.7341627176819612,0.6899988480495253
kr-vs-kp,0.671138050693839,0.7101710508885086,0.7193961555518321,0.7166366690943944,0.7045271442453538,0.6970322890405967,0.6817334965149124,0.6331857154518776
leaf,0.6422168027365636,0.6249777917667445,0.644863020689127,0.60845026474097,0.6292934131984548,0.5740988768482416,0.5675697281067451,0.5788084488483858
letter-recognition,0.6374555125077686,0.6345349249797142,0.6464176567777917,0.6414591604711193,0.6279096114672018,0.6342646865190422,0.6508847615391992,0.5903226778622471
liver,0.7383323607974972,0.7236976045372961,0.7429789623198013,0.728420677250778,0.736628269123378,0.6742078213611994,0.7042525656040663,0.6625588500382056
lp1_transform,0.7548804249326191,0.7489398228924072,0.7553775532996028,0.7534554702995557,0.7362249403511314,0.6552447654099877,0.6562402776066574,0.688115353934788
lp2_transform,0.6611708309704805,0.6767539466707603,0.6606340601908987,0.689930540279885,0.6624966823823634,0.5464390644893493,0.577063332977961,0.5382379987220779
lp3_transform,0.6660460178945147,0.6804013630841341,0.6697526012243333,0.6532138156189694,0.6679678070024242,0.5618940681558982,0.5868838495643932,0.5143272251896468
lp4_transform,0.73887244761933,0.7636633666892271,0.7705885126745182,0.7636069404637824,0.7275010590496873,0.6751612717352085,0.6396509713897063,0.5592685643555756
lp5_transform,0.7031192056236881,0.7081390735069132,0.7454915942527393,0.7514715591671767,0.6916512874680784,0.5737465824995931,0.6117235485094564,0.7419337737795825
lungcancer_GSE31210,0.7587317486850153,0.7640445014709766,0.7621165892752442,0.7708355320321306,0.7596866215150782,0.7143666253688714,0.6738403278176055,0.6854298633944069
lymph2,0.7269068692126919,0.7283276144368818,0.7143447766717299,0.7098680598069941,0.7308425059871159,0.7086422905187917,0.6732955202322383,0.609675838626313
madelon,0.5648299116006409,0.6339319968602691,0.633877605681585,0.6311996482083775,0.4963628190472389,0.5317019180719672,0.48414758309546696,0.5402319639533807
mfeatkarhunen,0.699699696601251,0.6920304601766991,0.7391720443854009,0.7018025672523539,0.7067575356733269,0.6417465158116016,0.6884959400326796,0.6519078426679098
movement_libras,0.6521548624379071,0.6621784516426713,0.6776567854991076,0.6660826574949249,0.6659835348347338,0.6215149406401037,0.6532319238130657,0.5788944088170777
mw1,0.7819491574686024,0.7829775893148129,0.7868846842556766,0.7936318734239756,0.7746556904705543,0.6954895301217979,0.6815314112872409,0.6626954583693996
onehr,0.7915072577412479,0.7996121356048438,0.8009421108799781,0.7992924179949517,0.7849459031541055,0.7229843848293503,0.7476129583351718,0.7329945553046022
optdigits,0.7168415081013907,0.7046338462887325,0.7083978070049654,0.7145202805859403,0.726791628415677,0.7111410015268016,0.6892651325649716,0.6527468974351497
orl,0.7890824922577464,0.7927491706918761,0.7933709565910353,0.794433575349571,0.789330570495245,0.781802409691693,0.536544110816754,0.5401820543279057
page-blocks,0.788479950339742,0.7950078584479398,0.7959855960344828,0.7928249045902195,0.0,0.7809871777576655,0.742742066374789,0.7449728437606294
parkinsons_updrs,0.7101565969948531,0.7293935927232675,0.7309660120202542,0.7239628950862725,0.7233306384586216,0.6577625113468508,0.706066836338987,0.8078645471574948
planning-relax,0.6792647187409288,0.6877286436762717,0.6002871617431247,0.7435187840207187,0.6633503099706745,0.5493358059861257,0.6337383154884781,0.5205004588090242
plasma_retinol,0.7143987997799817,0.7270943738587684,0.6988017390376728,0.715874647895801,0.716576666528728,0.6422637171135077,0.5924143685174521,0.5995738898511105
plrx,0.7000457848318019,0.6975416941918503,0.6912556472776951,0.6865379687373607,0.7026318197730328,0.58756562380978,0.6469121681452006,0.5519295941919861
promoters,0.5879912686251616,0.619907421226545,0.621528632351763,0.5445144492014828,0.5866172054336456,0.459609025758262,0.562819068719541,0.5492240084888269
pwLinear,0.6830938874831739,0.6834358801976185,0.692602686094124,0.6462857747123658,0.6815842715301177,0.5932114782270362,0.6276690077454881,0.6050825177242308
sat,0.770906459514993,0.7738543182072601,0.7702524284797754,0.7738048207519759,0.7689502543512928,0.7224164786886863,0.7284875685802455,0.6910752089509462
secom,0.7435670643666623,0.7938161094774318,0.800143862210468,0.7943002689088206,0.7332205510165257,0.759044809069493,0.68823785611275,0.6612002492907394
segment,0.7595570442379123,0.7708743393525561,0.765232941503854,0.782440812063871,0.759602220044642,0.7532251435960838,0.7139052001417916,0.7298415856469044
segmentation,0.7642115785590696,0.7756165466360031,0.7677080164775434,0.7852038204822654,0.7600373037466834,0.7493847661921491,0.7350839519932568,0.727818207638818
seismic,0.7931140724676433,0.7970857808556918,0.7885968378058872,0.7999586108172105,0.7840661408216844,0.7234545232450199,0.6831705678395829,0.6992231848487047
sentiment,0.5765390501313038,0.6422022000303796,0.778975206835698,0.6417666221475378,0.5285159949934649,0.6146035536569918,0.5656389004466058,0.7481295763591835
smartphone_brha,0.7702928869685443,0.74750356371718,0.758067280219054,0.7389731437381053,0.7537738626094089,0.6908863209537868,0.747975723255861,0.7044086042404994
sms,0.5909356847283606,0.6375788652497614,0.6594975935852228,0.6599222493735726,0.5493374874184964,0.6977487098531642,0.5369310494093782,0.4896976388584154
solar-flare_1,0.7259983453333296,0.748671265554383,0.7287441445281795,0.7447963636550681,0.7213137077181511,0.6772040508276954,0.6122399028686669,0.7906765143730461
sonar,0.7222258510917808,0.7309559486426707,0.7348629247885616,0.7275728562525308,0.720842286780019,0.6444839551483138,0.6944238337714193,0.6108209398240385
soybean-small,0.798074322569202,0.8526419972965936,0.8226626352078474,0.8434975442897858,0.8046434420216496,0.7657058325259605,0.7715499325948836,0.7766355874548065
spambase,0.7222775922358559,0.7486490472635439,0.73991185819239,0.7372129058232921,0.7197798970191519,0.6511352057436237,0.6441516455227293,0.6129405778469682
splice,0.6466791630560137,0.6725137771700317,0.673932091178983,0.6756487505953178,0.6373505565409519,0.6063821300809764,0.5646024221532037,0.5319645038805987
svhn,0.6316205565727963,0.6495246833191619,0.6495254187481004,0.651325145772732,0.6247303097626293,0.7010282822166349,0.5887960905873528,0.7323199662834345
tecator,0.732459260322684,0.7491907918418528,0.7379421060477263,0.7422851324935612,0.7080489825164541,0.6351279802911025,0.6463425456080225,0.5918770276151187
thoracic-surgery1,0.7580517160859734,0.7800551958284814,0.7501775657042593,0.7851810375537005,0.7457194600566315,0.6849570573755096,0.6526219168599308,0.6293522430555282
thoracic-surgery2,0.7405021406286645,0.7481935328211211,0.719059139125245,0.7473596710164112,0.7403847774545212,0.630794033224792,0.6417159416110796,0.7635965907435591
triazines,0.7482587674280913,0.7597280572596039,0.7560217904329205,0.7462590725724235,0.7439145726697386,0.6728775605532002,0.6856438137155749,0.7015802350072433
vehicle,0.7116078273759574,0.7203622106070366,0.7140057033932139,0.7216979862788417,0.7105786106506683,0.6817610918519247,0.6889108596143675,0.6867630488074002
waveform-noise,0.747237141210112,0.7871141028776655,0.785112261446986,0.7873639966219492,0.7407440062964185,0.6708925353361306,0.6824081937966083,0.5962532867982315
waveform,0.7677928191129497,0.7907854152794405,0.7819261055703586,0.7907994151131555,0.7651303592950327,0.7158681008468022,0.7205014728618917,0.6503135229573147
wdbc,0.7842713883635866,0.7918101723234356,0.7903758354914994,0.7931373421797149,0.7783207512201181,0.7304684812420096,0.730542359962697,0.6926433371203329
winequality,0.6979672427894689,0.6922822313822838,0.705543852067008,0.7119217607927044,0.0,0.6822242166562669,0.6474472708910735,0.6580768853453846
wisc,0.7958606410598761,0.8075856085806205,0.8043267991608787,0.8086922006382189,0.792913462039216,0.7547915526650244,0.7525547643937023,0.659991445339428
wpbc,0.7288497670996507,0.7369101697707071,0.7356002571198135,0.7400487420378561,0.7285324694915503,0.6201004637508986,0.6656846296003092,0.6096782442533164
yeast,0.7877992420711685,0.7985747682055606,0.7996436458792726,0.8010985761971314,0.7802904695346852,0.7490722909598011,0.7556886789311461,0.7436706040817933
zcell237,0.7779492800172593,0.7821732708830484,0.7850470117064999,0.801630214600794,0.7625880079627094,0.7326655301939753,0.7099133379243634,0.7299224858426373
zoo,0.7814384055001788,0.7868978374207075,0.7874336653644615,0.7786993143378215,0.793160192586121,0.7044760842564223,0.7378184494390748,0.7479443080400701
