0,1,2,3,4,5,6,7,8,9,cluster
1.0120085493264626,0.03985339181242342,0.649813009146591,0.10372662621415041,-0.5013746960893916,0.4960165722920133,-0.017499195935104045,0.34878773531458934,0.10956847823686028,0.08191672633094227,1
1.313227078118237,0.9564234465949254,0.9990373840471736,0.23653088828543212,0.19367173456574266,-0.05792135638662044,-0.018224672686448506,1.2460788480467997,0.17008255267426822,0.9671675014250192,1
1.1190883947730972,0.4172679566194369,0.9572506980580812,0.31335960566229026,-0.15391761937722115,-0.3489392571551341,-0.06903809260828844,0.952307640497673,0.44006180466115,1.2337323482648264,1
0.36478308973332374,0.9031556090051918,0.7600757495257702,0.6013700615290172,0.027701116341207657,0.11849921774710168,0.33831372810642624,0.97074941542713,0.3292137075211439,1.3676293954016914,1
1.485544772894123,0.40300101095394336,0.9707334144717749,0.7665002437292874,-0.031442358957784466,-0.04823185304703306,-0.08025895151271317,0.24014107962088505,0.061839393889554214,0.8742133869015483,1
0.4980762609117422,0.3736112951131394,0.9309362911272677,0.24696870582789854,-0.32227468786936897,-0.12458982346544356,-0.7713131111557654,1.3651636172766075,0.1174416220033008,1.0108841389584249,1
0.6153584590062657,-0.387814896330712,1.0156901326409664,0.10699416491512753,-0.8962979562913916,0.29571877661008983,-0.3254630294859967,0.6558510155126335,0.38028769262811324,1.2595890611688312,1
1.164406711035614,-0.06320738817715843,0.9804315018834246,0.7554955084846688,-0.7235203251514631,-0.2056159798962584,-0.010822394256849222,0.8268313185638793,-0.09359086108802595,0.7068406366151807,1
1.5227801598984025,0.7953505724366307,1.069365337801666,-0.057834964881119666,0.494143812422308,-0.27539676728896095,0.2843151439124494,0.44700033328370525,0.6210987944657638,0.8273382570773246,1
0.9250102820726022,1.1590114447803201,0.8610361610473509,0.015249028906605622,0.5498645083582074,-0.571291446462808,0.4122755921584602,1.0011927526840871,-0.42317695172875214,0.7455531662853198,1
1.2407848276740012,0.553388402570174,0.5401178631573411,0.4275456660817787,0.036734364373310915,0.3429371013440562,0.377059504881655,0.1572326371863374,-0.0013466788130723217,1.0990515700096561,1
1.783837505898308,0.5926558772115608,1.3274446315281314,0.056222345836565546,-0.021271165578992383,0.23995197107645116,0.05390108973238973,0.9323743083187623,0.23211717479752475,0.6518823697007373,1
0.43131905813192706,0.3330839745107427,0.6550706555017132,0.37967935592193963,-0.4065844838697989,0.02754871821944936,-0.22289718128352654,1.8266381732984025,0.6763303831370819,0.6092535221996552,1
0.29906924440555327,0.78690314239682,1.0893658988307617,0.5116999101385006,-0.22592186414335821,0.1950241200792548,-0.3149200686067591,0.09364383091264084,0.3634665945599528,0.39087495895613295,1
1.182330578365385,0.9912193887454255,1.2974003214937588,0.5021340267559952,0.6292648210894338,0.0827465593550411,-0.1840670473719545,0.1379088368072774,0.3816494579536568,0.9979445613014718,1
1.2968018017353509,0.7982298226661144,1.3868060363862702,0.12813144540537746,0.4847001455910542,1.1075275260864073,0.5813572285123287,0.46568015818724007,0.154111086827729,0.46379734391821525,1
0.7489178005704958,0.43717771375961784,1.0111109921530759,0.6006031995479106,0.43790077209180184,-0.29660214636858556,0.3690816505539559,1.0126413400243741,0.4510826839188054,0.5802130137105893,1
0.8324640005573553,-0.3275093687945072,0.9580187602237394,0.41651555716529864,-0.17607495640853763,0.13907607005229752,0.07820858158726976,0.9474808817501958,-0.34306923570812253,0.23602647121833042,1
1.4169438267854,0.6305259707658007,1.2501905567230178,-0.14444186909496248,0.6269295355905307,0.0637952260307968,0.004885320975252225,0.43439662640160437,0.5422719572812351,0.31743540278842436,1
1.3280897379136625,0.9939402684567371,0.6838758904931121,0.16363598151017805,-0.36067327597783294,0.3552398283335868,0.05217081509480635,1.5291595199663912,-0.5776954606941753,1.0647421137503368,1
0.5018115855449726,0.38673484065327496,0.9405794073593782,0.018240605523248077,-0.22442765505706447,0.0013708377737553235,-0.35396855481840367,0.6445917679272202,0.2779543370748725,0.8453080245383807,1
0.7262963207051985,0.7679807487025687,0.8807491757527623,0.026893327273620482,0.34661484916947566,0.5115340021373083,-0.2080586864350788,0.6975477777709365,-0.17811862686818936,1.3819877268599865,1
0.9837363899669785,0.7404182353698644,0.38873473180179163,0.6105836685839616,0.21737749831912845,-0.5519003712444839,0.6264989299438115,1.1380808275366276,0.5018130145376103,0.6077040668192932,1
1.3068811944383494,0.47850008253458204,1.4309320789468636,0.6517481530660889,0.29334618733811363,0.1024475097246059,0.05003511155595513,-0.11336052004576636,-0.41029191515176644,0.2639770392703571,1
0.7029112796739697,0.7746930856188987,0.9964112277694486,0.35213175163781213,-0.30126452964877165,0.9215923388063694,0.881019414765533,0.2872955918307049,0.38227944187975726,0.5276796915955029,1
1.2374557319532675,1.1506989354321697,0.9669910580456479,0.6489009615843073,0.12831199676082228,-0.06049341966836119,0.21982541461993518,0.527286470675935,-0.17197369031804,0.44598639254096645,1
1.4544985703780016,0.048699892355321905,1.4816418596464045,0.22217891066764167,-0.0019553459468691775,0.05828881957303381,-0.4123344468857517,1.0093009042966838,-0.4800567818094358,0.8213829237684143,1
0.5813087231897296,0.6775598347666528,0.6177552997387906,0.46855955621935563,-0.11821942764742235,0.09016672175261276,0.029490333526780974,1.0980415379256392,0.3826661375895589,1.1978012505322302,1
0.7314756922688685,0.47807433807100874,0.5944423079930529,1.0352460593099333,-0.6293302218298207,0.4725343387832435,0.2516126173958269,1.2792241189250462,0.5073036814244076,0.4419754366391503,1
1.3387409791139544,0.4573818857853053,0.865396433237744,0.6070589426780935,-0.14386294847473802,0.517730213880512,0.35048701879039124,0.6002041889157982,-0.33120699536925546,0.7774980829221836,1
1.016951813471278,-0.1117944421944258,0.9278180731598804,0.5034569956362737,-0.9367002613493219,-0.09854431034390146,0.008517494634953687,0.8772896359825989,0.08959122786808585,0.683347312168592,1
1.008158917265235,0.4360952885959509,1.0588171126980703,0.4870510001955686,0.07108797321026203,0.3946529326751675,-0.803385727272791,0.07214684077026279,-0.09349585648097447,0.9872847148790667,1
1.474312636747451,0.8940920399501029,0.9574839323957349,0.6431302289124825,0.9892106994203059,-0.1414067364184997,0.691481623074057,0.4684661136721406,0.29157184585580587,0.3160550529562117,1
1.6495814558775173,1.6722065635856262,1.0828263304294634,0.2525768433655702,1.0863317134532424,0.005562242808164419,0.03752461670646817,1.02254530072035,0.05164463415127096,1.072523620947793,1
0.7256864395182605,0.5119560995648561,1.165137305444864,0.041488030099971096,0.5306776447970519,-0.037228563697776995,-0.6515879335741503,1.1137163559161054,0.28028155224442713,0.7886079015777793,1
1.1397881356004904,0.5956472309718063,1.2466102419926324,0.6448682434268908,0.7593783400176608,0.06665794522868151,-0.31820730467507047,0.5012059658849242,0.0954095990236848,1.1939227065514546,1
1.3045980114991798,-0.05055250560479829,0.7639701742979708,0.4859152960759423,-0.12101071638357075,0.4221792295900601,-0.15806433719693647,1.0168158294590461,-0.4918604142613251,0.9237451266522323,1
1.0854101429677658,0.5601169401388386,1.3071795510210824,0.7879745687709304,0.1551641213330154,-0.0710811434607608,-0.08698838614267812,0.27409734585812934,-0.24248742134829265,0.5802314228281205,1
1.1036361413156992,0.029846653155384817,0.6663374859698261,0.3373162146777913,0.0876595758235802,0.44191349913300776,-0.06379590720200268,0.3536648965238997,-0.07285246268609019,0.6737642279667209,1
1.2106005374455484,0.6177653973540385,0.5873693196420793,0.35862572627076006,-0.16423913156895906,0.41138299885928775,0.06816839451195428,0.5241548196145902,0.16771365543129688,1.0381422998303058,1
0.7650202827608299,0.6214207961775238,0.9437980552548252,0.2633670282635477,-0.18629530538293254,0.13714662984426587,0.4742617743612416,0.8353649119206592,-0.06844998045410688,1.011575329645316,1
0.4805963372841501,1.0399106498405544,1.3423399158536258,-0.12117801538329986,0.11969566009051438,0.42644769916104386,-0.1362902419829551,0.283379856646291,0.4015499194924689,0.5284784290486626,1
0.9287201241386016,0.6515486705794451,0.31726561659442476,0.6718390704694304,-0.7638280661196171,0.11873396159808795,0.5969407715886116,0.48500739373214863,0.11244519887982718,0.9445930086417054,1
1.0586849441552306,1.035598155281896,1.1305148559498783,0.4436356342570576,0.516347352322478,-0.08704067776058944,0.11186814757878218,0.48989848511619866,0.23854125267586604,0.5518787916202321,1
1.2254849283879605,0.4910284249840369,1.3337694459569167,0.321408824832782,-0.3800512494537388,0.6250955933207816,-0.0653333550916324,0.4335190053112916,-0.18452947758160965,0.7701503601360526,1
1.6403881484606961,0.287979885486502,0.5778360901529765,0.5197841409125009,-0.4556804652498733,-0.0919173445129447,0.46882364397107007,0.4206165429253603,-0.365583328441193,0.8844338272305734,1
0.5168507343323663,0.41418241043703874,1.3563237959520085,0.7526985207237636,-0.28870321668820487,-0.0017569964322990406,-0.25238823283579176,0.8779473736557044,0.07529662649602284,0.38021986618635356,1
0.5565885164490643,0.10628260108039006,0.9915495834177238,0.3884888991702944,0.33963700268106917,-0.031655694662122064,-0.36056442789246285,0.4835773571211746,0.29063703798564927,0.8142318618164786,1
1.1403893673103953,0.6927661791529608,0.8295499088073762,0.1383636348969891,0.23469911510452374,0.6142768085259589,-0.24278502227629278,0.3203806368005847,0.27323873460795833,0.8027039510421293,1
1.4691080279821158,0.5664075522847979,0.24081233680552983,0.28521104429391086,0.02902957911730598,0.2232534014808768,0.30352534650987856,0.9703687722324251,-0.2728779122921553,1.311585121540995,1
1.0643716090342408,0.1533917118745331,0.7410268807562161,0.6479306201435602,-0.6482250689888772,0.3448535408713166,0.12386274162161308,-0.07688622628997244,0.43790780100465915,0.8737924304390419,1
0.953714342057692,0.8669163701574722,1.0847450890648216,0.4023304414647381,-0.07838162055426297,-0.16414554083842758,0.9064066964397539,0.15194569988376305,0.2318407020177853,0.758721359785052,1
1.0190285183264538,0.28567531517670885,1.1971645291789026,0.5613224633062437,-1.021413558089828,0.6138040195019513,0.5443236950000103,0.6479045442451705,0.11687632237301004,0.8434315638860908,1
0.7995584614611473,0.5111718803617222,0.9537419796287517,0.5056537976999482,-0.09757065518636086,-0.04377296140250497,-0.11155386684967267,0.6160773926536501,0.7463594866299859,0.7509575923733719,1
1.4191710826020003,0.999353443917202,1.3422905277896293,0.19853136295717844,0.5483724460453051,0.109110810565065,-0.2798476258872784,0.6427918118558064,0.0572630197915574,1.0847429336587875,1
1.1659063773041989,-0.5431739463084182,2.114286852001227,0.5470506133958464,-0.23975027463250093,0.2477453925489413,0.5871716091018999,-0.074987765067551,-0.03552825464345358,-0.05047285481243691,1
0.8794228446127018,0.42381840152605277,0.8970166319777135,-0.05732741012741216,-0.4762197431940317,0.4440655730952896,0.05967395180567725,0.7646880041288581,0.0115394052510292,0.37663434718255806,1
1.0099668927162808,0.6120903956356696,0.7233892334365893,0.40916838712397363,0.11727578086877871,0.7229571737040561,0.8544131513947946,0.4097932756352858,0.3163324769976766,0.9171652487646014,1
0.8276943779147861,0.8019457922955079,1.0386340274097094,0.620533161682559,0.7948002982480742,0.35458214182508024,-0.17171462506641805,0.985544982530641,0.30632501848399785,0.6941013808819803,1
0.9988815493764996,1.0298446515120387,0.9845891082447832,0.06296379023518905,-0.0514782609848749,0.2969811342608699,-0.7640390638450508,-0.05015680315959947,-0.16004061305568124,1.23667677133916,1
1.3163664411594804,-0.08043190703936942,0.9734990452053613,0.5498372178160349,-0.1407182943940814,0.28014368590985306,0.8885012949303287,0.03932622767827332,-0.06254626963731513,0.5633405809116432,1
0.6978575491517157,-0.11534095831958624,0.6877247537750009,0.39586569863110777,0.3096722239404225,0.6783744416714984,-0.34767718371054107,0.20826654906577713,0.5766483689408765,0.5396339947554292,1
0.5764267611682468,0.09744827091783631,0.8741156119239818,0.8733827279759252,-0.23060776721416681,0.17228471140700607,0.25631090586662375,0.4031123532088455,0.4334134752304659,0.9460507900906204,1
1.0587997665294686,0.5910561170483705,1.0943820871837469,1.1079564763493261,0.241651102555288,0.25817548628322085,-0.05314317103140889,1.482645539089895,0.5228797995647967,0.15126271972663774,1
0.9339285296566507,0.40637670648456714,1.009405602432648,0.12091468636800651,-0.1244820022388401,0.21004574489373498,-0.32872018528529473,0.8545573519856516,-0.12186348346931092,0.9134656850936937,1
1.0742479936144889,0.6147412612683085,0.8501216709683317,0.32570960775671387,-0.06059952656530136,0.1532799378517836,0.03820775999731692,0.9800250806989546,0.08556259132089823,0.9734503111039873,1
0.5782574267462646,1.2477147640023147,0.46706977181908577,0.5901012248060927,0.09257021803938746,0.33413745407401374,0.32253102858943816,0.5099159610470583,0.7417093927964121,1.263787909961894,1
1.1659741641669628,0.9268148797461189,1.4017696458772464,0.25737358429837887,0.16332946234331472,0.2509521812653216,0.1759820743824763,0.7175929049457567,0.5410568485905246,1.2364073138075957,1
0.9253373616714926,0.6117641249439055,0.961360364811601,0.1965844068180729,-0.05716370978368031,-0.38897613322034463,0.29817057610959313,0.35246877586022746,0.5755229431769693,0.7668973581054114,1
1.1796866098953402,0.21139355699685042,0.8634368348977173,0.4322932786187431,-0.5079172180594742,0.3533695457147937,-0.05153749794972562,1.058023145188473,-0.2306703172821568,1.0576243567987902,1
1.20851068794451,0.40684696087386063,0.9556152020075053,0.5294821993100856,-0.1431644339373889,-0.1643435750675486,0.014483776410308347,0.3736148456657329,-0.10517388218681967,0.6191150747888738,1
0.8880663753940543,0.902315247161751,0.8702967491953298,0.3639828067268008,0.34337066035527497,0.36193196568521996,-0.2652593411350135,0.7883093074373412,0.2941003506879424,0.7991549975600826,1
1.326751956065368,-0.3256275416168589,0.8632052497775619,0.3101693324138909,-0.842790713223538,0.16313127384171033,0.5435733107454634,0.6433494468297443,-0.024847102289782014,-0.08884464672300152,1
0.9960883184104461,0.7997358073539718,1.0979637437230294,0.28831500635122,0.0476768525046425,-0.0120640126641606,0.24458075522407005,0.6208382670089749,0.3379765951941186,0.7499149919318785,1
1.1615294999956467,0.06821410418148521,0.6726099606022165,1.0983843588187074,0.1773373949137767,-0.06530970633145669,0.09837715548507636,1.2264165745768074,-0.26684441805630243,1.0409359197094803,1
1.1421328374791189,0.4417113984810706,1.4622602919041032,0.14010915793495143,0.2415534171551778,-0.2093448198460306,-0.2635240493301798,0.8829671126445839,0.06537776049057013,0.5755059328742089,1
0.6100060167732636,0.3372358824764547,0.356985184264765,0.40672137521564583,0.11501053291708181,0.5081766711990146,0.22126840985912768,0.88561110070656,0.6355065991501586,1.2570836235815854,1
1.3292326316059846,1.3190398610154852,1.004169844979944,0.38581138891630895,0.7207946188134118,0.3379831512377016,-0.03320468302295032,0.9374702422074522,0.30691251001669984,0.7216269837582117,1
0.7282823219462666,0.8875459557133029,0.6879335434502527,0.5053433911677205,-0.2865424015046342,0.47030342440311157,0.23462938646750195,1.1617143130131082,0.2989917293568823,1.0300351744407297,1
1.1857015236801993,-0.15360955303303514,1.180940055201397,0.36945486307759684,-0.15176678683433556,0.28541468064801123,0.3398525514287561,1.236055082031519,-0.0536217733694489,0.46203004883624493,1
0.614948242173353,1.3634672603999598,0.33340870612088,0.6617946401059442,0.306405552927515,-0.20158895047900377,0.6595974363191781,1.0497810847251818,0.35487355802664505,1.44348912609408,1
1.4193755118214524,1.3459662106975034,0.5995646409554478,0.5632745619501779,0.5746680743437086,0.085890366311818,0.4517086688019233,1.370825343766115,0.021394053573656563,0.9371272953940237,1
1.1370992360665846,0.4872129340332322,0.6286665448756285,0.7637374878378356,0.20917638628924207,0.01757074038482001,1.0097290169018893,1.0756949221360668,0.3105365776853598,0.6917066324401141,1
1.1006587056700547,0.9797639439715915,0.7096168038718169,0.585079523482601,-0.0739418119482469,-0.13754513005101737,-0.1638791273743378,1.441413089396531,0.29116189717167956,1.3812886982866543,1
1.1449733999687939,0.34017492995194754,1.1187300028611333,0.21631317377219905,-0.6915323452546921,0.4290541423736109,-0.18200272767280984,-0.015141691937408885,0.26877221889832037,0.9406378246861045,1
1.253438569411851,0.6925244721418482,0.573805788036017,0.5844200703634365,0.20737963059049147,-0.07495731629425517,-0.13645235868613736,1.3226761662369886,0.5239651220680903,0.6810227532689997,1
0.7430082582497297,0.30118790862475037,0.6741755292982854,0.026106638608452637,-0.26036064996878744,0.1227891141290322,-0.3027767157879391,1.0561898229272337,0.8338148109321437,0.48606653301649494,1
0.6396532638735735,0.4212023508751744,0.6963561819108144,0.5752719829305044,-0.34130960364847096,0.05030951114813416,-0.21596952784738732,0.420783767821803,0.5285102333539008,0.9301360517483392,1
1.1233711253342862,0.3178676749771053,1.328222655221818,0.3895203595009117,0.3512307084873504,0.4065477698868232,0.2101207440052567,0.2555660019852186,0.2483949785352107,0.36953629915575303,1
0.07142589096658059,0.30189355020410386,0.8606116429223891,0.24322670051430936,-0.6512166723893692,0.4377741095164387,-0.2236841032922875,0.9661747361462203,0.27813094289235346,0.7769770513581976,1
0.6657831539971717,0.8662728892866655,0.7193817157227076,0.7967861838955612,0.4396313653410958,0.11730477462480193,-0.3753903808371949,0.593881929237994,0.6308883298519983,1.2422311687172245,1
1.2628402123888072,0.4478491114090736,1.1110679645261061,0.5774742041811907,-0.2766704872546107,-0.43112802386282745,-0.45184675938897967,1.0683929413012856,0.07489093408815659,0.8734203563527297,1
0.9897650051309989,0.25057468894249596,1.1241969692836657,0.44811255687922086,-0.2328555370868775,0.24056465771323082,-0.30344579698725427,0.1520007733382932,-0.0771964811308758,0.11739444432080903,1
1.438710467215317,1.2371153350598898,0.7046422979239189,0.30377038869347556,0.24436004044309745,-0.17627562787182022,0.9131092605764959,0.3247075882947825,0.5507715939175786,0.9125621285724581,1
1.0385138851176798,0.06134121855499708,0.9377703974085471,0.30375285296803767,-0.31817039180824824,0.13205585168391695,-0.18760508371624623,1.2117052689544439,0.8018555341482764,0.884693178108245,1
1.2549182647605832,0.10737167455154323,0.936096276769018,0.34411618374092673,-0.1421365280905167,0.05110314535489892,0.08541283243001507,0.9778583116694441,-0.13821606253585794,1.1077592264569223,1
0.9191112986178036,0.5099200545062401,1.015708226080774,0.36545939772780434,-0.10744822316436678,-0.14468792764375604,0.15535819627323758,0.8753026232862919,0.30259358480036547,0.5127922358193933,1
0.8739799935056541,0.67660788446557,0.822469933749817,0.11115853270238896,-0.01456264616574958,0.3651262448670783,0.28429145721742477,0.1446288269364533,0.25080083524653574,0.5968881170597311,1
0.7456217578069243,0.6499207703853466,1.4700349827480137,0.23779468024127304,0.5052478125214575,-0.05705452181487486,0.08497632597530845,0.9735711044217388,-0.5223656274181232,0.3659282940949677,1
0.9868588602553254,0.46737132037825846,0.3691098606192611,0.1444808998771514,-0.3771933197251985,0.681261318677329,0.17696890004256932,0.5613693857477742,0.8112052697350581,1.0287374098192665,1
1.0256559656078685,0.6625378937373506,1.0653676866081438,1.1130868468516741,-0.021980431610511122,0.05873464563275396,-0.44223347851182626,0.09138140552013052,-0.3302767747397899,0.6979682490595143,1
0.9590379263834283,0.25485224429177333,1.1825527425433247,0.3615287890886962,-0.3353606849147378,0.11892308487860703,0.3254025619826664,0.5272506449277815,0.01978604192409092,0.4670506283637481,1
1.0438145964177463,0.19981841839986436,0.3777960518613199,0.8619083768534055,-0.04921786378547567,0.17467500927445145,-0.1902069027654022,0.5742201316123452,0.12865076087604693,1.060132205266664,1
1.1048653072090875,0.9345222019165871,0.7976155230941048,0.16782908540911085,0.48647782123948885,0.6997102629000794,0.05258124962894518,1.3663113874078587,-0.10235327529924754,0.978877786657966,1
1.2541719357136714,0.23946434218884716,1.3310838423485751,0.7371838872477408,0.1881334771614931,-0.2596145104533101,0.09330946814100442,1.051999761501134,-0.09427236224857427,1.0879236561927956,1
1.391905009482707,0.40845922652730104,0.9238810232565549,0.07068539784619243,-0.0917868906089268,0.6297568018915709,0.40675178247506666,0.735621051880213,0.21308309574736234,0.8108753616075505,1
1.4589532528494575,0.35229574616989956,0.7941918645163755,0.7390375542974897,-0.39862826339558655,0.5047188698585092,0.3451279934648379,0.39903431323857486,0.02990301279369373,1.2775374514514382,1
0.7535373089463349,0.7439778523994793,0.9161202509319349,0.3277917456007604,0.26219628734343686,0.44635789553680194,-0.15443157452920242,0.766806796805433,-6.251040727697776e-05,0.9627477784851105,1
0.6703614439668879,1.0398866318691535,0.8925272300499664,0.6427513883569065,0.09607332551544871,0.05525217315089487,0.5583023115478709,0.4871154562759292,0.3656512320417292,0.36147369868062995,1
1.1504228051484817,1.0881301993786137,1.2994315903141769,0.4314231364055888,0.3964198500598689,0.5023301707772324,-0.34833279152426144,0.7158595121772842,0.4146332132840325,0.8727646081303624,1
0.8325656524750276,0.40512340622541654,0.7075868743896956,1.1370067900876455,0.3379161281100876,0.14295075306188545,0.9014208927301942,0.456558089534989,0.05137192282242925,0.4231754494415603,1
1.272009244916845,0.6699562813186649,1.122998349167089,0.4245419472564618,0.3374172235661577,-0.1455269326771777,0.10834974863138759,1.159624196001631,0.015677154757264,0.21555429140213445,1
1.4007843599536245,0.11418201842698983,0.611379709517774,0.8328683596858124,-0.14014369274127506,0.3351865685311961,0.6293045677357125,0.4557697857026838,-0.13064877530941987,0.544091365430525,1
0.522635082322011,0.3298570978485468,1.1689080350470862,0.09459214667801835,-0.2596127208889321,0.3407763121868198,0.39495515259603875,1.0365578774481223,0.20413867236479205,0.6922360470576066,1
1.4494428509760329,0.30800600171356574,0.8794369589715111,0.8776061176023108,-0.6011824994851729,0.683999443229851,0.4528875032136612,0.8218395105910891,0.13178591793561809,0.8035550266324658,1
0.5837781936458538,-0.12432331657875817,0.9979095154788437,0.9362723703068114,-0.3341516962397503,0.3549717117871909,0.4355366829400009,1.0272507948675071,-0.03565766464141762,0.19785055495906856,1
0.7606586061005353,0.7105979438089504,1.0671934802464556,-0.021102962670281944,0.25496771272143637,0.12622335434729426,0.025482347136057196,0.7861134903447071,0.23501150381315586,1.139002125910467,1
0.8819934910603497,0.20653452958446017,0.9315647790010978,-0.015482918160441617,-0.45087838942714986,0.10519741140087902,-0.08901049366749983,0.39339182570775977,0.12192947644601354,0.46145355195805005,1
0.8632186431154096,0.4521353421598668,0.7501216299923819,-0.016270898729438266,-0.44738555755977044,-0.4078944305928158,0.006091807062289206,1.1006601964783536,-0.11683964782703449,0.9151228623892234,1
0.7016563968231916,0.2881343617341178,1.3715797625779726,0.3483310862668944,-1.3070617994509734,0.3015468732589004,-0.26517992830117326,-0.3459300133541885,0.04307039525986742,0.201369794569362,1
0.7985676468088767,-0.18385487167991788,0.9322604931285153,0.8556066064711719,0.2767110255343301,0.5826829160767653,0.4782144135971985,0.5675114797451795,0.5240596680860472,0.35209041950809145,1
0.5023757460506391,0.3741017902323189,0.8618201444730637,0.1324709438408022,-0.6537027436938757,-0.12603682615563322,-0.31619717618073656,0.7395254738016102,0.6540616242423406,0.6740730117355948,1
1.5402423721233371,0.42889412750263944,0.9870200904818538,0.1934585992925978,-0.1287847302687866,0.29776757962494416,0.16753827428978124,1.2239350985628157,0.21819825217625316,1.3927138361482367,1
0.7957872053890331,0.546501886113412,0.8134004485012158,0.2167164519453237,-0.047282714790712665,0.08456122774982128,-0.10605172596071388,0.9247945894832641,0.3692465433026197,0.9888858032805409,1
0.6235073971919424,0.6224872222734084,0.26424583410106983,0.698390771774401,-0.07306418284592095,0.27823700292729625,-0.07118519697007003,0.9919525771416652,0.6850665156084671,1.1429630568471933,1
1.471730799786355,1.0798822093633158,1.4493369827275617,0.4277613178575904,0.8648142069505583,0.49135837502376667,0.072744663854657,0.6210482824058056,0.19228460017431265,0.427908134018444,1
1.2452025350482514,0.24424277040096898,1.124669914822354,0.6984417615468326,-0.6895270176308352,0.26370984059646185,0.8063247628170044,0.04408364298530132,-0.060170317792361816,0.889272407228916,1
1.5399876864360222,0.7797562382961567,1.1006984164609213,0.7172942962306381,0.7674498341240288,-0.1516635774268143,0.3207198776201028,0.9009170690651489,-0.27357588570053015,1.224469771454585,1
0.8933694043831368,0.3053705521976855,0.8762990523975451,0.1841744851161566,0.8034966987956814,0.0886245531304029,-0.18807905712648004,0.9476227736632981,0.37137870680912666,0.9382056881900093,1
0.9417438514911545,0.9084628566318711,2.0941453017382003,0.45044563500634227,0.24664203479492777,0.3918945532455642,0.6195790891456275,0.4349390741611948,0.046353249446466654,0.3086102042922009,1
0.5691698439923804,0.05472553982135708,0.3781842144679035,0.022767789786161563,-0.10044502006718994,0.39936251172370485,-0.2517798958200383,0.6247114679968754,0.5800679751494318,0.995555015195015,1
1.1064624170329374,0.9250060584789113,0.7158691020784763,0.5770708420595938,0.0170666149664499,0.18523388943486033,-0.20781327911663255,0.38452043002709757,0.326984336181261,0.6897221989258272,1
1.0049805354555095,0.6997574328493318,1.027808557251603,0.17306582762834993,0.15131288842915705,0.36426464969444394,0.5873695682459349,0.7359247035904487,0.3776084059461286,0.455535472332739,1
1.5217039889771105,0.12949527137813804,1.4168516822984252,0.34514956190116675,-0.4830555611326247,0.5066314378525218,0.2273268135117671,0.5324686246170103,0.142032015933595,0.7342009680686817,1
1.113201346045456,0.4729531615097869,1.6260256008127207,0.2933858256420418,-0.04225741075046477,0.4374259270164196,-0.14105365416650395,-0.1170436405973806,-0.10334527511119412,-0.0003914420542276975,1
0.7357352673530648,0.19949772122650294,0.9616783879130806,0.66018542368617,-0.1476432332715606,0.40235380711997853,0.10812557998007967,1.211715429363077,0.34150260820517203,0.5666360979441929,1
0.9806246067491232,0.3244833269136295,0.8744145382565992,0.1465657154576498,-0.10190100592457518,-0.2660475662797729,0.605735944813096,0.21301978848609648,0.342430238864893,0.9121153442465554,1
0.8395512785416384,0.24385721888921774,0.691359909359594,0.29488724894833784,0.007779588307658139,-0.07352422555208524,0.033313632530550655,1.054508870655329,0.05285148432560868,0.9689883770568134,1
0.98565798352081,1.4833552031005233,1.3027804621226895,0.34576537427118603,0.21039206708003633,0.017766447327597246,-0.08302747326664087,0.9598303283999129,0.05558516753922743,0.4960333042090252,1
0.9971566236589334,0.17074661167887456,1.217539230112484,0.86438640801126,-0.5697824145609989,0.19941464977749965,0.016441500432838152,0.9060952477794895,0.7155697176531103,0.9975396653728452,1
0.6900011112494107,0.834281016960622,0.6873304403991061,0.319507585934524,0.31264578944834576,0.026268820039221444,0.4885884424629886,0.8126209785379651,0.2531442588540178,0.4748752753302347,1
0.6321090724724583,0.5371464751901123,0.9431655553739242,0.29550823430379825,-0.20375115914397904,0.18725602980418274,0.09396116083715846,0.41189679344342967,0.4867116737902699,0.6025365191171614,1
0.8886700278019369,0.6854699517004494,0.7698449331490915,0.854537823130035,-0.32369167302202456,0.40074989663973704,0.3975270070169308,0.31824902652798664,-0.15523003627176934,0.9891055607592856,1
0.8916941613317529,1.1534776651567094,1.3033421970772396,0.12762967754141463,0.3332513894687794,0.4827094722529082,-0.7747899562598384,0.5094058238241044,0.419274083114613,1.213263839148631,1
0.7073075610254327,1.0059398946523217,0.948192164263915,0.49426638156611924,0.3789503086470697,-0.27815856134668976,0.41837880317117637,0.9743800596666123,0.01614306324317774,0.7908755637989799,1
1.3652224864354199,0.8173017555919513,1.3081963030591937,0.5373316377544992,0.279590137835295,0.25739763890502326,0.5573022567993537,0.7299486422777194,0.27582824994353433,0.48700524863610123,1
0.7567020065393915,1.1298867415082543,0.9625328581063064,0.6598221857659016,0.4606686140174983,0.2300161506092387,0.36632743158573716,0.9145946570256441,0.5005123650108015,1.245077436433828,1
1.127237680934019,0.26177675705017134,0.9733707950515537,0.010731539433663617,0.13674811672613918,0.5345239888782292,-0.46037785031786616,0.4416887694646038,0.11605970384739836,0.985963385277174,1
0.8540261953780385,0.6835735762111391,1.0664664994452198,0.539584325026626,0.16720212064025358,-0.2001688689553362,0.37081501943867656,1.2985146538529524,-0.14144549365693915,0.7743535193525433,1
1.0922063590641533,-0.8967942634736776,1.194747150556089,0.5872058420505579,-0.34108094507903824,0.5910143076989924,0.0393127364680059,0.43127425815349535,0.7388350601949323,0.9685999974404221,1
1.2016371298841892,0.8074140510935341,0.740549396527113,0.6127379508581428,0.28914528692947583,0.17421303401595362,0.12039693903554759,0.2892438248883658,-0.12463476012905927,0.5965592411895542,1
1.1471879212451808,1.02762355058508,0.3579961688482203,1.0203469220632422,0.8850033172994296,0.02253178658950092,1.1238793279831059,0.05490593611591732,0.12659847696484577,0.3841271724183685,1
1.3299633830469166,0.560973665590353,1.168337692106384,0.23453211900257936,-0.031571156156877014,-0.28496461111017585,-0.45155101730730096,0.6143906884080214,-0.16383913062315797,0.00248282151777679,1
1.2614634927409598,0.08721039662193886,0.5169738756306084,0.6969546305689385,0.053462807304461464,0.37959640126519767,-0.7281116641466856,1.0102873080029577,0.05784064721561871,0.8599235937478084,1
0.7842542034679845,0.6729408499024607,0.6430913281198768,0.2359283215127123,0.32440448926003,0.7284446522599253,-0.03654814481455987,0.30394657410385556,0.46857483360461893,0.720650245987706,1
1.0172345825539266,-0.004827406649789756,0.7809273896531602,0.3756524387802065,-0.09919377289433809,0.46226790293833175,-0.19887268502058825,0.7515089042290433,-0.20434340969221232,0.043322521776475775,1
0.8338235081457387,0.1988888524863437,0.17618790609911505,0.9104426419898454,-0.14649788946833317,-0.5427993642031392,-0.173483463349685,0.745394154128853,0.604034859413034,1.2088521645298091,1
0.8209387654289365,0.6561629197834777,1.0819209517227166,0.6983039875814425,0.5027820777689265,0.30094517037960755,-0.0011772824645359115,0.8771484282372318,0.8298846510187816,0.5366322534690943,1
1.0144559684912093,0.9743179021643334,0.7508184829605435,0.40671985190563537,-0.10576823066657012,0.26253078844364197,-0.1520770005161282,0.3386203660029934,-0.2848019088940691,0.5540458616086368,1
1.2808186436013314,0.6531816324071203,0.9331159482192436,0.5315699335549859,0.3444026957775568,0.26670314739664436,0.08537643114774185,1.3938020758935337,0.11217866533483511,1.0786758296125,1
1.130414658539643,0.8794584463657273,1.004666447180646,0.3182387370727783,0.5065142968644694,0.4578969455604705,-0.242785595222953,0.8166895268303564,-0.04430344743702866,0.793731973958704,1
1.121855144799448,-0.22231987800847486,1.3419739734160276,0.4697914341760379,-0.47842764031045615,0.5396483431028865,-0.085378469862494,1.3613784749047153,0.4283251150410812,0.8695595425962815,1
0.875531701859736,0.887878036295815,0.8861235147471317,0.22061091696715268,0.706493242665059,0.24702435493967914,0.24463460374694956,0.5983496205555563,0.40313489308529676,0.6367132642585165,1
0.7047519443490178,0.6120585214302673,0.3655287228930042,0.9621507052298514,0.15996017243327076,-0.21928591554798205,0.28489951809091124,0.7392215042603426,0.09173859520223868,0.39773808444601777,1
0.7136009663130902,0.7631745893754652,1.0053982777923074,0.34077639399574944,0.22781570809511748,-0.2335400853674045,0.19509358985453967,1.5462913888406056,0.10933880512191085,1.5020690248467803,1
0.8581881352269326,0.42359595023390695,1.0690045800805856,0.5227400851966354,0.17673759438450382,-0.13719755815458462,-0.12789334090530793,0.249044279423077,-0.15330255074545635,0.32984383240191134,1
1.221880538113586,1.2482460048643693,1.0919492847231052,0.4131261916103742,0.502622970115875,0.17587836537709853,-0.03243993507630144,1.3039739015476268,-0.28828846088991184,0.4342858556854493,1
0.8412006910847696,0.22268075585238062,0.8810818812279899,0.6677748394596618,-0.7210072980158814,0.15309797593190339,0.314135429949812,0.13948247317642792,-0.17080572362296464,0.23665772017570275,1
1.012491262959049,0.6024152224352536,1.0611163534303212,0.3541822165813567,-0.361110343388489,-0.27357317298037015,0.30274935616707166,0.8775143277103272,0.451699616597519,1.017635207381413,1
0.9355506316179552,0.9200715928985237,1.2566343360075094,0.42444044503640055,0.38901836830601877,-0.32690511310719866,-0.19675585379619975,0.416731638580115,0.1212933306618377,0.8699699578603599,1
1.064889820371902,1.0708307049707682,1.1412050223198171,0.4349098875830363,-0.2538657361259119,0.776915419117928,-0.006887840619714675,1.22257627482289,-0.2791138073893254,0.8528487695384572,1
0.8363903544422149,0.34777332072080513,0.9631475761104025,-0.08991292091103664,-0.35288278869006773,0.14531550270934596,0.01756077191658681,0.5286189448994434,-0.3382326613564631,0.8653758177551355,1
1.5302394564387347,0.7351207776297446,1.0966897605777806,0.47515783828344865,0.37969939767594857,0.062055043254969994,0.5071451511998306,0.3290086922060081,0.020201589094687417,1.082425834118234,1
1.072862578655658,0.0983121164972745,1.1415388350496638,0.5795889731577155,-0.2393178680382234,0.16009483190053794,0.4094029368958125,0.30669184454600035,0.19261332896093158,1.1307161541469068,1
1.254201646276289,0.9950167021343593,1.4478682830662748,0.07033087498628021,0.056638439159213426,-0.01964606134909086,0.1332788753367845,0.5073920466280994,-0.058318641089545736,0.5533515749107505,1
1.1516622295512742,0.500414035893255,0.850426883002616,0.6267863588388732,-0.18557989795217822,-0.15302747235273734,0.545578924810552,0.1461227949234909,0.3949837492197351,0.53986827973826,1
0.843306111573888,0.43342484480220506,0.9660017797687563,0.579263786343057,-0.12298729998877123,0.570739563777753,0.33153518535639653,0.859920291827091,0.06854981924557363,1.4307785065958263,1
0.7492684891232327,-0.008014119644529138,0.8217703374637901,0.21374733693473663,0.31433419617715075,0.6380220129727807,0.07407255059032922,0.6248172219159471,0.14153089069255018,0.5751338139165934,1
1.1103199403033528,0.9195230037783111,0.7884743278163976,0.6796624136925176,0.2519729553993445,-0.24407114215310494,0.4589807167658901,0.6231764201986596,-0.16767270674701995,0.40678067649479893,1
1.6281770648464984,0.20863817468416163,1.2097747682811537,0.22945631923807838,0.19819105075098348,0.34724571312496705,-0.47679297535342624,0.861211158284416,-0.6000626738114875,0.8245578838904883,1
0.811779263597984,0.3731536598478934,0.8200461795876648,0.41880607800394587,-0.17331841242625673,0.19278365072938852,-0.23129284003817896,0.5112440012261515,0.642531545037168,0.7133247013688906,1
0.40622226851961474,0.6281743012306619,1.2495903492023024,0.07546845432444449,-0.2638029938319903,-0.21599139928712352,-0.6154596388292802,1.5848611949808533,0.29007529773106194,1.0780896797841921,1
1.280690055241687,0.7031075276579818,0.8831755790411887,0.36064338298225684,0.607569646165788,-0.1283137898676952,0.5045401768500519,1.1745621945794043,0.0755252064306096,0.4981726026654279,1
1.2138500191294304,0.02094472832775185,1.541353707833472,0.8303009340264214,-0.28716201074502534,0.20864894490395822,0.5120262652372608,0.8189041576507434,0.04620678185640956,0.55562503907934,1
0.8963106208897875,0.11304013243267025,1.1804827124961998,0.271978017385818,-0.13869136501898088,0.41668091249342054,0.1322999652252625,0.19608191052037838,0.134355367104685,0.37702871286868567,1
0.98098501423075,0.0830537146133441,1.1467687938076705,0.21651402486298288,0.20130609709812136,0.10386519150114748,-0.058982414518937126,0.8414361578632963,0.3980563295134845,0.8960416234559097,1
0.7535297979258375,-0.0367394123989464,0.6787124677881189,0.48177387035728536,-0.6221786480894985,0.5421288105189519,-0.369787473437983,0.22715383685565832,0.6521040500381783,0.5579786335790914,1
0.7243536663519028,1.0309218693302458,0.8191313386463751,0.14650654910549976,0.2910600270942835,0.11999885974072201,0.47984812552554446,0.7067357695243289,0.2349081741396175,0.39909498346280126,1
0.7302444476721484,0.3098716368349929,1.1926237013068781,0.2973680851523699,0.31800353802629444,0.08377429668463772,0.5839691605534587,0.90048712785795,0.5799735616599775,0.6909552197023192,1
0.40894539804418983,0.5004789566033541,1.1470920736312784,0.12284521141666105,0.016501515381000167,0.4123119808553544,-0.15013408226366837,0.30717997121298146,0.6334317486281293,0.5957927951579115,1
1.133822258375427,0.04848266058788686,0.9920953689685331,0.838925176765318,-0.05343837548901756,0.3457637562504023,0.07052100299651357,0.3840694114877585,0.39400771565230364,1.4719131742929705,1
0.9189416575868737,0.7510281296041285,1.3163189306705037,0.19765338537694224,0.3911267360276079,0.4615743498400982,-0.3176153672510547,0.5266589723611697,0.2696132316955181,0.6726921950117518,1
0.9270991969746707,0.5115921855330208,1.0448966301269043,0.08350649689085132,-0.17505334480982424,0.31096822019449155,-0.48119440846795103,0.9756966462017321,-0.21811404864281553,0.5012696801812261,1
0.7991022699109427,0.12275134207973759,0.4391364676473124,0.3749137566698188,-0.23161384386473127,-0.06744738673051465,-0.1031141105904887,0.7075966863306037,-0.2812285432047925,0.5779776242479602,1
0.8602696332396301,1.31896568341504,0.4168855503841222,0.4002006554398177,0.2739294696607146,0.3162683312426692,0.29623162565537847,1.0012942931676225,0.279193270812626,1.344846139272398,1
0.7254799431075641,1.1248809750705036,1.0012133014925277,0.40826031326436635,-0.09400961938009282,0.09730044612705276,0.4264984484080207,0.0714324983368112,0.6485274726467651,0.498198690312869,1
0.9374165681817627,0.4256587249591482,1.0978575209739576,0.4958626584851127,0.19328037792709937,0.09728188948616696,-0.17321760398100622,0.6023590404912506,0.1629427609190932,0.55143105060737,1
1.1000304598819728,0.30621659148315267,1.0933160688782606,0.4132318396973891,-0.21215661402734967,-0.21601739675006365,0.14958288778146042,0.9891867503572942,0.0434658024773546,1.3601741330964248,1
0.8930405007574662,0.47047657868196857,0.8772327543241635,0.322470714665898,-0.594008589766071,0.2443961341993588,-0.007127272034566548,0.9166369692281002,0.36165732264521694,1.2662877885609232,1
0.6872071931762733,0.7652446764958082,1.1171890520342704,0.5865188805771755,0.24828053927472232,-0.572754956474452,0.34571586660384745,0.6239454192038744,0.1748655068062872,1.0097073533204832,1
1.1522193293623646,0.4053618898243953,0.830108600276023,0.7676304210419171,-0.1712052269163195,0.045733290613699254,-0.19470186806365408,0.9516235081609713,-0.2190264131127918,0.44822885269954227,1
1.0999637938986035,0.9393860168041911,1.0880275741225887,0.6139867096875793,-0.27070238333253444,-0.18612367219753995,-0.07122988407651767,1.0153895169947895,0.4105594412778654,0.5814875602813622,1
0.9728119720208175,0.4512646490126584,1.099557359533336,0.7040418883326427,0.3482382920657967,-0.3238875526951855,0.26104049680458935,0.3817245958357234,-0.3742629681119459,0.23115777852178165,1
0.5496342761640548,0.7379173274851007,0.8778678427645783,0.5223889649747402,0.15103382490865958,0.08824473828719834,0.3173943542122931,0.8277318616667412,0.3164227399887038,0.6824424339315216,1
1.3005112947433415,0.44822926185448264,0.8570077032079713,0.11182759094061506,0.40617200665027264,-0.3100999496125554,-0.1652403822598173,0.868476522097544,0.5223713324594865,0.9129650691204441,1
1.1075840137819837,0.25250800483868785,1.1702980511321648,0.7078264584057798,0.4296685165496821,0.21751533360628986,-0.023083947917008962,0.0020209512833402332,0.3729650071763885,0.8881278779562617,1
0.8025917916327467,0.8284677913837897,1.1826932392100205,0.35790727891066704,0.47442122092515626,-0.24052231206074526,0.20503181986181856,0.9109001793568563,0.41187787179909874,0.5470335377012518,1
0.8743973217554745,0.7240466215593115,1.0035757749215477,0.29755462885132555,-0.14930876774698415,-0.01450439224850772,-0.17949943656327777,1.1344380916029637,-0.2556865228689086,1.4444833613844166,1
1.0742771744710187,0.7570614246637443,1.3557138306160137,0.29003901817582095,0.44883727293525727,0.45881548089367696,0.22640039107943166,0.4476324359586649,0.5393120659628569,0.4063022993852838,1
1.1071140290339585,0.8707061449823292,0.5988049104098522,0.38322807757210275,0.4338212761864468,0.21834537171879326,0.3028101847243615,0.5338648962721643,0.24451290584095475,0.8611209404626237,1
0.7631166833449584,0.4588972380562145,0.5677959563799257,0.5989030548824321,0.38781357450335247,-0.27310945579769785,0.5482553724516435,0.9073885377350583,0.32271070314063943,0.6113405178569258,1
0.6841819136988382,-0.15088455553230706,0.6003938340770452,0.6320168401733315,-0.8665429066426185,0.2636183023938812,0.31917416762065454,0.9883121557173695,0.49297411423265525,1.1409981278306889,1
1.5640972590824072,1.1620226887359726,1.204446493637389,-0.05840909804975697,1.1529262771801463,0.14985660893639552,-0.27751265939264325,0.4321155328050993,0.2409389829356266,1.0751480272703733,1
0.6454836955271426,-0.7049083602145947,0.8792049529412314,0.5612727249567155,-0.6211965087021254,0.06049753657242955,0.29623436144544996,0.5633201248074098,-0.32083182452141035,0.7884996964157799,1
0.9074538763717295,0.4322676902866627,1.254774540300153,0.8858370512826064,0.050239106403701606,-0.5160111189754881,0.5774047790259298,0.382064415909921,0.6177742302728428,0.4879613384600462,1
0.9017564587019944,1.0866348758792617,0.7622380000180408,0.5040726310213247,0.9293150237453189,-0.35788910520088224,0.4598192385562282,1.1028231549113892,-0.026804751936374882,0.8934034740888266,1
1.1688156613110496,0.48397076754015345,0.6548850026525357,0.7213033447440147,-0.2823341924947865,0.13547299472658011,0.07652300046074989,0.7436951843715055,-0.2141700244323903,0.6795146707308268,1
1.2404394958198734,0.7357329692059656,0.8698666832966901,-0.1864051957516698,0.9399132726187119,0.09355088016301687,0.0874992605856659,1.146154555847005,0.251630541601887,1.174082967136797,1
1.5176961972398382,0.8510429251373646,1.165755201050852,-0.14743937728910517,0.19149253598607968,-0.30660702211232954,-0.057174719600215806,0.8889187713049993,0.05577976839413076,0.9602958152901484,1
0.6791791206813381,0.29503857902954045,0.8756208522982565,0.26782402270549716,-0.516835850638539,0.2521459404631743,-0.7893803564119758,0.7985197108805719,0.30078199195505473,0.581042843994868,1
1.275932012537932,0.8769920480016927,0.9941073780923455,0.06463834509934485,0.12367118014944843,0.3858601908464397,-0.34276822684769886,0.023458750125343042,0.025131342969989534,0.08683348615601039,1
1.169195343197306,0.4780663209851701,1.0077060425975324,0.05765514829935847,0.41725117954308766,0.5097314929630068,-0.24381388499491746,1.0968146936139953,0.004519059719646196,0.37797120691023095,1
0.7142541105357394,0.10046331031710487,0.4577437092544927,0.8866339877060772,0.060913186795989394,0.7863678722217615,0.46943567386838836,0.5876976550699373,0.6789967859510048,1.1040806923243176,1
0.8805331230215707,0.7515101430490079,0.6202184680844485,0.2177407816931177,0.5408621833447002,0.5465396811070011,0.08173168270077252,1.3671047198678457,0.4924400408793431,1.1485745343891398,1
0.9752718803286712,-0.2546810168037805,1.7069137832118,0.6203903815481631,-0.6545225672524101,0.5029689307540367,0.1958164932017576,0.504260043664733,-0.103733053191161,0.27236512020534265,1
1.094880696745377,0.6077623234706125,1.2292216041821977,0.779987284380308,-0.2663562938260736,-0.23621759924916658,0.10267284175890835,0.14864906775631304,-0.11198350261859735,1.0077926229765808,1
0.6701445753438213,0.33446590102914264,1.3776896339829083,0.397519422742595,0.04785345123601939,0.03953256604688338,-0.32510461250096395,0.44551330655168764,-0.5336127125096943,0.5347018674239756,1
0.16790622610675776,0.7202788431117476,1.1854185604738197,0.5542463037630243,-0.5187438744142663,-0.4232658061094373,-0.6784478908837912,1.2312246271646123,0.1740337125175814,0.7680705354187745,1
1.2002780204473578,0.3513499678012767,1.1001109463997865,0.4171215423117376,0.19952079540209688,-0.23351605613754106,-0.3512011902640062,1.0943866865595289,0.026956595785766257,0.8942585890816577,1
0.8037849964868682,1.3039954694027296,0.9086061887284803,0.7669259311923791,0.0971742004844793,0.29919008366245814,0.3026653326099585,0.7474616492333142,0.7236043214991832,0.3335396728452903,1
0.8685500507158348,0.10473601676449529,0.32948793617011396,0.43820584062337076,-0.5102307311248582,-0.06417077591704462,0.2613162839020631,0.6623660667326117,0.19739444988117014,1.5558600415749186,1
1.1230014250298184,0.45701946516598113,1.11988326217468,-0.07037941573278256,0.06905252777063842,0.5030807360652927,0.49652742442295683,0.26673434956526226,0.48971313776364855,0.7699760934919438,1
0.9482906272453138,0.8124376385000945,1.2835609523576434,0.5633033774581442,0.9688104033838844,-0.24078024996637776,0.5092149800185461,0.12005249820361985,0.6399545875135896,1.059563797538009,1
0.8409951746049518,0.36893092987347775,0.9755129304140624,0.3808086865537075,-0.6747187042879313,0.7692315369312775,0.2943834818709913,0.8824382393473748,0.031052485999202156,0.6274681853775644,1
0.8072261161255455,0.5010257007997428,1.0103586841065353,0.33111956384914865,-0.9372730477469425,0.7252336316157298,0.3157692816947273,0.12195028956077247,0.6985846125373517,0.6839735259067999,1
0.7307691192413508,0.7503964241951233,0.5879982522114423,0.58328063329022,0.3492193037629001,0.2395518409956875,0.05674826538158917,0.8160321564633377,-0.1512518506399284,0.9620926576056323,1
0.4461395799195148,0.8467000080601873,0.5650417669272052,0.2500434983171159,0.16635229366415824,0.06720702087460555,-0.07852234066259478,1.2224881484945351,1.1872972537024722,0.8873768376711404,1
0.9192132453831834,0.7910037402935428,0.8353847824518308,0.7300433871224248,0.3019801430024849,-0.26233535931365287,-0.22319374252883661,0.8651778719990117,0.0029998610969358686,0.983653588560945,1
1.085494370421766,1.1747836624159191,1.252602392319901,0.7980748732708566,0.6466701256834414,0.18394658712733278,0.21852348307410974,0.6810544275527267,-0.1848247694357868,0.6242537648161478,1
1.6073641461558386,0.896578719670036,1.1402279787046843,0.1126689059410671,0.861715140534198,0.05106324753619136,0.03283282335613634,0.9042994743262388,-0.08787017260397839,0.32277085379765325,1
0.8272903376890756,0.32843571504168884,0.6911318977855209,0.7991062954310685,0.08334446420206995,0.08451855563406177,0.9934065877931358,1.1872206477769707,0.4656933754182534,0.5911880356594053,2
0.9713870756597772,0.05192536055258175,0.8052481123506626,0.6300638986126651,0.1397526904830017,0.4170235762558988,1.5562319663937418,0.8533748602521477,0.8051068218455402,0.4463884146872982,2
0.9261555891809264,-0.2542463870102066,0.8074961018106093,1.1904679238735678,-0.15101730599848595,0.12844750340016253,1.353586554680513,0.5102901216965063,0.24365105091764921,0.6763685912139483,2
1.1851767209601172,0.06365179272680546,0.6608383771249313,1.5603907271845419,0.3611834995431223,-0.013113531653388633,1.431532603825917,0.8443802938476448,1.147332863830771,0.5099172595407964,2
0.7067226546587508,-0.15897583452042374,0.8033708213764167,1.3068554997652913,-0.33864744500876554,0.29900366596339323,1.224988403825573,0.5040012265197218,0.41758012055900345,0.19330114765217882,2
1.0876489360162511,-0.161539724580246,0.22881891031897061,1.1594045419329222,-0.40896077202287784,-0.16896924670235247,0.7870275490236451,0.9082343425545127,-0.00763059666666055,0.46383493119082486,2
0.2097476563406524,0.33992413157649015,0.4848688863704911,0.7995927581065065,0.3696085369135838,0.5766156350006888,1.1887956517374771,0.9066238877033062,0.6397954143111658,0.670062851734675,2
0.4478709494876909,-0.253605300116421,0.6513183696680053,0.701954864871982,0.732498672723693,0.21574201731974227,0.5102808079009706,0.6534946640535894,0.8485665873830691,0.7641362483478182,2
0.4714690507542044,0.04490350482380921,0.7983819086493422,0.3810510317542633,0.6094340028819443,0.405414811188415,0.9364290244874046,0.9991238345251823,1.047451891750966,0.7417325282052412,2
0.31683266687874784,0.11971703207045524,1.2869015354197104,0.3688673428371505,0.486112605993497,0.1985840366370464,0.9813491582773094,0.442811407104213,0.5778163741616373,0.5905647373824155,2
0.9047696925533976,0.19298377578611636,0.6700645053337227,0.781993337205668,0.02602652586877341,0.3978781434942076,0.9285022901125518,0.4422415038663785,0.36681718363939264,0.3401438308309682,2
0.4403115522016777,-0.12687234510183942,0.5332821035343521,0.60333528944272,0.14222008163662325,0.12188427994451138,0.7279520868032325,0.9866447770530703,0.5612827163244198,0.896658306667468,2
0.7158612496220972,0.3923412544596561,0.6265634691397511,0.6700640394419461,0.2424579551832572,0.3517638172130141,1.5064963736885435,0.8600177271435089,0.7371436944271179,0.21220412316354395,2
1.4324230362764419,-0.2981781881549243,0.32369576581796133,0.9366097775953105,0.43122060648960603,-0.3074830088993893,0.9916094421935276,1.3678562544541761,0.9983423991230505,0.4782024717803406,2
0.10101978872379036,-0.2909944396038199,0.2398529243296914,0.3886407446448162,0.3890122953424502,-0.2678798396469372,0.3985633339084317,0.38345665277411467,0.3690818246194312,0.3076020982959628,2
0.8114545791147166,-0.26998878707814367,0.001289887808593182,0.7922646557159835,0.5142174694281103,-0.0011318764990536079,0.6402073443881734,0.8104643576927747,0.5486885843203038,0.5315304237241996,2
0.7941688119836474,0.21400104866444267,0.25366358251120424,1.2283151577591767,-0.07181127795593223,0.33280726170648656,1.4431804424032022,0.46738415625582186,0.425698533974451,0.4148150950852396,2
0.9251585895920889,-0.20780269713448807,0.9596860769834343,0.4757545615825885,0.14550352272397699,0.006459658203424534,1.0890627249695475,1.0908092093737916,0.8600938789619861,0.2744808701447863,2
0.6873390657499221,0.010478505786767081,0.5936639773026708,0.35146908302521007,0.15698207615433135,0.12283646142949116,1.6269696737922494,0.6331412584999425,0.879556350992285,0.45652149857982294,2
0.6985110428443683,0.19672979467887347,0.4225732039755785,1.2684203476104103,0.4049553517491351,0.14184117643075303,0.9693708730435873,0.027548135711552235,0.44878773243103975,0.3995060069846376,2
0.6956808814376935,-0.17613877040896014,0.1558683251546053,1.0728372656499376,0.17280253208280938,0.027985604699266753,1.5189199300984217,1.071842298351938,0.3307902902088661,0.5826283196562718,2
0.8421870653540409,0.24220307002755923,0.8442090040170109,1.0006920465325728,0.0944047579739858,-0.316146555284997,0.7049814028250199,1.1899732107877354,0.11672713382848277,0.5601429746994261,2
0.8636571358236558,-0.11504487689873205,0.7923625152493183,0.7195802403776084,-0.019988725930460777,0.46471471439031253,1.3849364135482871,1.1655468680769197,0.6950925273840619,0.08120305569444042,2
0.5600660547751405,0.20855745113768356,0.6910007435870286,0.48679401428274666,0.7531380298755151,0.022111691279067563,1.3366722864493146,0.6174500842175616,0.891536775995192,0.5981444075721158,2
0.8104573568065656,0.20701821387627903,1.1796574865600302,0.585855966002488,-0.1309448989190456,0.6682929174640079,1.055179905686626,0.46505599416755966,0.5222811176234609,0.108742048992862,2
0.9368024677707336,0.46891328855577213,0.5545211925110358,1.3738644371055657,-0.5975080494884406,0.12463228193705052,1.2016358902947897,0.4649354476923345,0.5247742088205303,-0.26744087490042945,2
0.5749848608292121,0.5976457912770619,0.48764611672803493,0.2958008821051855,0.337336969528527,0.06548703508247614,0.8688335357112656,1.5488404581532245,0.9951609045936435,0.5237497936544129,2
1.1142974567877304,-0.08091846233810748,1.1009561344406775,0.778324377022913,-0.012504219162192881,0.04534523019082187,1.210254268100814,1.1028652392937717,1.0208622437213926,-0.38874738613133664,2
0.9561854084343127,-0.457341611438126,0.6144768386817169,0.8951037334498506,-0.011336729740270335,-0.009200277513948085,0.8650137422123472,1.1470572576589861,0.7455385862251943,0.0030802846592430377,2
0.916647757596699,0.19088451754530533,0.5032624506324351,0.28023384549594,0.6338039199518248,0.3173196032898069,0.9135969390046638,0.5579864790129165,0.8898018638746255,0.33236339244318314,2
0.9935882946801966,0.16924677733826538,1.0473906072375185,0.7625141512255553,0.4178150680059213,0.248849122603449,0.7204355275233449,0.7931461089392424,1.1381636166773594,0.5416755879974049,2
1.2258438278230486,0.276530664256891,0.9744004765923331,1.2081860578757424,0.6553349120774115,0.23051775187701234,0.38894132372351264,0.6055413126567636,0.5980242084201759,0.5840359928765125,2
0.2591614216143793,0.3881759844133967,0.8910174332256945,0.6465467348232943,-0.21109207822841314,0.3568504290164766,0.6276329530062776,0.8830392246848565,0.015004651312572559,0.7503123404442921,2
0.5027234651369825,0.060220347173935915,0.7839353756913424,0.6169557777935676,0.15881394503604776,-0.2185390239197449,0.38506698139039186,1.2276069117225124,0.35616117571783446,1.065995745731748,2
0.8028427580266008,0.23764861252667158,0.9983170970809234,0.8279639941296139,0.3677011489186266,-0.041183540472854385,0.8475038003431425,0.15653895712540356,0.37131987753611273,-0.0197204053570445,2
1.1791208809823224,-0.10396555905517049,0.7240757395387653,1.604391688994209,-0.921029770275644,0.4277268088336593,1.5314207459742128,0.46704863405259245,0.48575401870692936,-0.009100927762796474,2
0.45899520401766186,0.03392518247715716,0.7103107970139253,0.9649351911374999,0.2871084292920977,-0.10307298785257912,1.2676521030058894,0.5239914750947483,0.9107940737294185,0.48026559054876966,2
1.081928715696715,0.48557911354833927,1.2188890021507957,0.3623134971623447,0.1070426147287352,0.4942912218914265,1.4599611221172961,0.5700069989462078,0.8017590612011971,0.06177304758987995,2
0.49277132768429455,-0.7819705324959034,0.2676583614682358,0.8828576681566386,0.4409342801132569,-0.08393977031381228,0.43570620698259543,1.09378964400487,0.11944296685426503,0.6829422923339087,2
1.0933303055710057,0.17419482579959233,0.5670034754812348,1.50639526135179,0.15657656001109194,0.4493931661967705,1.2792981935790377,0.44243710616441606,1.2195808558941779,0.16864538461939216,2
0.7703436115525876,-0.08835674700491869,0.7271509564375184,0.1540795918858765,-0.0321402162388664,0.08415285747396448,0.6674086977100587,0.5293460987584724,-0.2888423006153671,0.9831993698503553,2
0.6958437463105452,0.5092095904930143,0.24651445343390532,1.37687224114273,-0.25655744463759633,0.3641620351399703,0.787489859829826,0.8719581760652677,0.506735447593699,1.0721224110533312,2
0.5784287754147679,-0.1899513048402215,0.9118614579417095,-0.25663444952531944,0.0316866689294151,0.41712049177547195,0.5014072369776473,0.9729890537814858,0.5397162067231626,-0.06662069380809565,2
0.8841031567355514,-0.028951161854575885,0.2712869899758283,1.0165340378012488,-0.1483531598209995,0.512850808608065,0.6050438201944055,0.988080217572431,0.5322936090149364,0.8255646445775022,2
1.1133577815609825,0.05710287608089025,0.9360986232773542,0.9495502386669347,-0.2915613992230581,0.37422687617533634,0.625854374956748,0.9961788392619115,0.6447569003629429,0.18707783543038747,2
0.5813895594079208,0.6767969755519695,0.422493823071852,0.9492902324068049,0.10883702174822164,0.12058376743970983,0.8340030470713287,1.006424985365653,0.9818221680194035,0.5799155701837703,2
0.8361972102063052,0.11370086493377013,0.3266131285133416,1.0250372146667255,0.596091827005303,0.04989632530302182,0.5380185928082926,0.5464085610201712,0.31921173735512726,1.0809786467674236,2
0.7256493565771933,-0.35617488350048077,0.29521710271357726,1.010124480668253,0.1116004168953089,0.018970244359309357,1.1204424816011431,0.34766567972299217,0.8255221870652659,0.40522897557089854,2
1.4241403454021406,-0.020075698598541747,1.0650421257730287,1.2723720344474214,-0.10679705956867624,0.4724807146572337,1.38340219914524,0.33420940665905885,0.2839387396302173,0.0064756381082957115,2
0.9215382366862841,0.24601360132579023,0.9470054567895523,0.6740265160171878,0.7608219127711214,-0.17219208955139437,0.2529384048677825,0.5817836779856059,0.8484670246604666,0.554956776723302,2
0.9287007906218208,-0.44626367549238954,0.2093420193563773,1.4249376171209538,0.32907262471021115,0.09622406999607852,1.1235405036377213,0.20932947580532613,0.11527347432027024,0.4418722994501825,2
0.8213831680879338,-0.014711317767647891,0.5238940378258667,0.7838520485106971,0.33199322905273276,-0.2006944954636526,0.39548451519163785,-0.0032036334693048563,0.775638009047635,0.4272587717092371,2
0.8661778542426644,-0.12823136225487636,0.4223118901938938,1.0920103852611258,0.519294402992321,-0.020905078371244584,0.6944233835240508,0.9237407935868185,0.8457186010095548,0.7719046657312436,2
1.0293500369538857,-0.009815239967561867,0.6296842351467296,1.0924203263428414,-0.09202840698442782,-0.26211485154572933,0.780794135278486,1.4628301998080473,0.5610174687471973,0.41485122930557894,2
0.7229892456171216,0.08759871865271689,0.21128558753583498,1.75930856078924,0.5028116627016732,-0.039629153504325165,1.1423855938818503,0.9137613342756897,0.5909808831748797,0.7804364517332696,2
0.6678382431520842,-0.2898465366285917,0.4405170829533976,0.4724563550618138,-0.258029745477772,0.23929786900859393,1.3770577000533017,1.5863744750921822,0.2559286985355746,0.537692751805967,2
1.1436037272015547,0.04276104459469328,0.8571984271597467,1.557196151212645,-0.09821033145821767,0.12562496744837315,0.7835821895227686,1.2710006564579592,0.24187918018550308,0.9861585617957009,2
0.30515042631720335,-0.10531176037612452,0.31134589203215995,0.7244148070802192,0.7539967159381075,0.066377906777638,0.461338941571628,0.48332978894870776,0.3986431651658142,0.5069060448545791,2
1.1336972913882821,-0.11361272277225604,1.2101873333070974,1.1092411357065473,0.3851118781291085,-0.3763005197578697,0.5028270011737546,0.28203986124649283,0.7295374064996264,-0.04621373394027184,2
1.2093798730287608,-0.30199635938139047,0.39767284840577477,0.2171324445395807,0.1866474000435462,0.03298617367511392,0.8128404352000654,1.53949959602841,0.6183334103251782,0.5665247252080428,2
0.8791320615340728,0.8044932468402946,0.7684204431854745,1.0148102408900306,0.1003511322682376,0.15395633357185962,1.0355808225992462,0.22421974716977355,0.9041665631031179,0.5023157065936021,2
0.6263443784267246,0.3045166374752316,0.6927577717936051,0.9682293578487472,0.008833701227605767,-0.15329304577058372,0.8373639820866818,1.2672801973986791,0.6574007022293942,1.0904039658762819,2
0.33851756336087657,0.10334301889437487,-0.05578677779503105,0.9463207002973254,-0.33933252081772636,0.38503439048631327,1.6143132441637764,0.8532158109628837,0.23568371628112894,0.6917714434626518,2
0.4619629991657646,0.09743985798044531,0.22125172592498843,1.0128551345578063,0.24019940960337166,0.044980681366373565,1.1941440910246548,0.9091607416141801,0.7830616781608751,0.3914780657873497,2
0.9502417630117858,0.07192111987375097,0.21562580927608416,0.7790748125018246,0.03173325234918711,0.39131370008621447,0.5009328283261079,1.3873445760459453,0.3822098789458388,1.0881445122450133,2
1.2145188901549508,0.207588922886369,1.221416447171141,0.9012228677401268,0.07164279214011285,-0.049373829975229266,0.1687717820018304,1.2190172264939827,0.0691057425266346,0.3818526808677707,2
0.8675230214337317,-0.41569729248169196,1.0075640314886325,0.977145040900002,0.31947835876274533,-0.05266572704244943,0.850087631669495,0.14472799912685952,0.46889192826633314,0.3378258984129817,2
0.5609024282012838,0.42547281232583056,0.502108460835852,1.3512246224749072,0.20017575605112864,0.2266300768136346,1.5111163368066047,0.629908701352623,0.46440605973435833,0.2046159467521711,2
0.988958235560119,-0.5985647919288435,0.5776128574597623,1.0502671721968126,0.13276904789344368,0.08420149640710994,0.587539101502599,1.3404404887992463,0.32088704154783143,0.00944466001103933,2
1.2202366486600584,-0.13772489844180902,0.5773356675185154,1.2064594808260511,0.14619636140305667,0.4018385268341679,0.859479211159162,0.44171110496394317,0.6377270392996652,0.14197468148184944,2
0.8772553793432388,-0.3464529141757154,0.7819720027557772,0.8642243643103406,-0.4574841820617478,-0.5082043203661022,1.1595906661585103,0.9980765916890861,0.7619279571006051,0.25351611430630805,2
0.6942452046578721,-0.35366387753346434,-0.026243213883591854,1.10623645752258,0.158879951065123,-0.035084382710376505,1.1646532465772204,0.6873573965012832,0.7018578428058769,0.0013806952809422568,2
0.9006068999272665,0.2973502523546081,1.5665828035369702,1.280076090365733,0.37313044017596864,0.10933449818710446,1.147782413444327,0.7170287530600263,1.1233988574329197,0.08980440001332729,2
1.2074793622753686,-0.19468366873123844,0.5116172345081463,1.2119907048747238,0.23079341946091553,0.06604814784974333,0.8254245792120553,0.8133671862144418,0.2675007442192813,0.6345294186747763,2
1.2372809318012046,0.32406899468788514,1.2420232009863712,1.3042736624510294,-0.15842910588765413,0.19493058600554813,1.1045303187489035,0.6233916492802817,0.5295218285032083,0.20936275332515697,2
0.7690094020081111,-0.23016069502123687,0.5272214419834401,0.8909437527421321,-0.4746040632455444,-0.10656440469345552,0.9821831887042703,1.3304111401220573,0.5125750083489782,0.20250239154094002,2
0.7038433319999441,0.08944319394150874,1.1893308657837194,0.502413785041783,0.4870131030726558,0.4415670182464343,1.2082403953510705,1.7873921208932955,0.8390591257351907,0.1901088056339907,2
1.010450813856708,-0.18599287810215587,0.6393590679267084,1.276881404923623,-0.24219756150606775,0.38168283378675344,1.2290226120944494,1.225418034373494,0.7396586146377475,0.4288203370053162,2
0.926564210196013,0.3703193632148146,0.6876084150262541,1.4342575277605525,0.6772986033478443,-0.13710809425479764,0.7080237186516269,0.5802150842360032,0.5261352266467502,0.21621587682389254,2
0.9308228304718091,0.65061758212587,0.4121997999562339,1.4287547449707925,-0.46391162990735,0.49658112764354007,1.8850692455860816,0.6442394844617694,0.5211913115391332,-0.1781442237096298,2
0.5528461302260582,0.7555294590666154,1.4506666861902247,0.9086595692852987,0.3425158388403903,-0.014535310475705943,1.0202676573910026,0.1466145963402259,1.3611634798277916,0.02986417674523717,2
1.1832090255540963,0.16517122639883658,0.5371917850965204,0.9717181735984114,-0.07855939216461344,0.42187068156828966,1.202532885304028,0.7961375989315129,0.7564974193676386,0.6289059578990888,2
0.6786613267074404,0.23254276656599587,0.2676906698308467,0.9228041933758606,0.21651193228365234,0.08638304675117954,0.9739355623297167,0.9705118831439177,-0.03900322760720942,1.148530142970106,2
0.5702425384076295,0.7540592089704337,0.985471748173409,1.6067740178709566,0.23832399467780263,-0.18468976665505132,0.8134043823913467,0.6056481259149387,1.2921201433771121,0.2795631601873384,2
0.9498840355229023,0.03009822572933503,0.9951751486954277,0.7634442151190006,0.3299048407625952,-0.36196687479024836,1.2207619641124943,0.7517288616632233,0.8814530287101503,0.5788102203811336,2
0.824276573685294,-0.10156752122544063,0.7574253283753463,0.7130430693269093,0.2609013801660131,-0.01100586959478278,1.1106041628800674,1.1730362741292402,1.0390474968930596,-0.014077252077492441,2
1.1449045167315757,0.8307840465734275,0.6536471332756034,1.5547266673168736,-0.3560513357146392,0.5289895645723863,0.8263351389502849,0.7935624585222707,0.3954650256526899,-0.2741067712541375,2
0.6476622196442212,0.7886198426350706,0.7632681583643349,1.340168933519715,-0.07285529355939219,0.28806909919196494,1.7446791434994484,-0.3185654514465064,0.8889543005884343,0.464174495661881,2
0.3827494848414707,-0.47982259340410593,0.41238359381460865,0.3923789446982112,0.5045547673908635,0.15608614301204315,0.6687174008828976,1.3912639759789016,0.5384652879553573,0.6078038379265632,2
1.1217434960225514,0.7321851310595193,0.7073121485247467,0.9658759736475871,0.5637171645360339,-0.2252463227341065,0.7042825678663761,1.166185185169645,0.8918848091248718,1.0618237266966286,2
0.7089975017520469,-0.37701510510057346,0.32547118368329686,0.3871690850634296,-0.06610034445279916,0.29414262957097254,1.76230211540945,1.172419827712125,0.70810463837229,-0.0821669873273766,2
0.832019499769429,-0.37356713827547616,0.2885001082677998,0.7016578388537946,0.15674605284025336,0.05022508493345057,1.4894725076573814,1.3682227471740966,0.4986559242478111,0.704657611766752,2
0.38279744598962145,0.44134040226128485,0.8217413744891615,0.693194441827456,-0.4075898685655799,0.7349638173269234,0.9077647479002336,1.0396019823140623,0.15207833988494784,0.7120262975642915,2
0.5878472931430443,-0.09851911829679613,0.06414235302325422,1.2708901015776903,-0.2686703694794384,1.072725071947035,0.877536492779767,0.21691943027467786,-0.24021750831612454,0.1734493703002401,2
0.20756806702772768,-0.3659102677274858,0.19237874291424856,0.5469337257930398,0.3018006329538858,0.11888588335369156,1.1634211929464047,0.34090697536369,0.2846760607394129,0.28809479075861844,2
0.6467775749935387,0.11104388113893626,0.8579507998980809,1.135998348572843,0.05962378196967352,0.1419994907216346,0.7547341301968586,0.5204937372752274,0.2983613926912993,0.4216847536814282,2
0.42092354671294463,-0.10153960270929707,1.0864281956415325,0.8798347189122054,0.33301246896844916,0.19976304130304845,1.0056279212306884,0.2203337134836758,0.6715383266434909,0.3449764846196107,2
1.234338613388861,-0.23349852995454712,0.7512473619727069,1.5315648244281421,0.1335646458957211,0.4442958624028406,1.122761516182719,0.35903353320870335,0.27009544762023036,-0.18485323229584882,2
1.1868252062848192,0.15856623028920966,0.8232558466940558,0.1702947260606581,0.2857309702562849,0.15803459546157844,0.29815818991092313,1.340508652462638,0.4638277602812247,0.5974569669299092,2
0.46388415499520713,-0.03739719007871253,0.4554761947705631,0.5102350693411186,0.07852016634128822,0.30678900062937786,0.9013648854727385,1.4144959246171234,0.6911492843202977,0.20763711277063143,2
0.6644093568826327,0.4240703277922765,0.6772773804980344,0.8012023069740867,-0.03884113730959457,0.8574514972597092,2.167811947200395,1.06904595737193,1.3243272700764575,0.47804614033435944,2
0.40907490304473787,0.4954599029368988,0.8893020354437404,1.052678845960381,-0.0013821589191272965,0.4612178894960346,1.5106736101819693,1.1361420739031936,0.5484223862969984,0.530479827719935,2
0.3985815255909389,0.4253057320592511,0.4230722270956174,0.4667449888923098,0.7079280910582045,0.29757710425677564,1.154207419095163,0.3419397185758698,0.88268767558293,0.5136523099274721,2
0.5566712497562059,-0.24398617851465504,0.6443252750785359,0.9689707398536481,0.45474644963017685,-0.07902466628820137,0.831130372028334,0.37779830969531025,0.8514331455697217,0.8493343407284069,2
0.7746756762173673,-0.16794722006558044,0.6492906724836518,0.2748061765620423,0.5309653816808907,0.5996321959630646,0.5089530616300737,0.5695880968090146,0.2312594775384002,-0.1598115446711985,2
0.7993970090901485,0.7145689627143094,0.5774683024097543,1.1361682430483657,-0.05413648982274594,0.25469063350336035,1.282210168786302,0.7932202993372737,0.8319645889067135,0.5481928512454477,2
0.25184100531638376,-0.054117707354011724,0.47244162525835065,1.1696733836095405,0.41413200651366117,0.12730746012265914,0.7249042611439742,0.5485480520398387,0.20839424176634064,1.111607459960351,2
0.6692122502817245,0.12522911629221958,0.33071186565939625,1.036911015294495,0.14536679296716407,0.4738653517227071,1.2856877362809267,0.7951696261968616,0.35443723534470306,0.035178447450271766,2
0.644969537222658,0.21862171629232102,-0.1629381501554641,0.7465126803743929,0.2897572533984818,0.14554142678746443,0.9031744411408079,0.7906888345682431,0.17034623961019452,1.2175302136309059,2
0.23026495891662546,-0.018988864748941042,0.5414190368874938,0.6776222423995132,0.1769603966096407,-0.06579843494224202,1.2067306483876015,1.0090672707503399,0.15879443206874094,0.5573982553858631,2
0.18647611876264225,0.05827919667952443,0.24556393557029954,0.47424243022904605,0.6428271100192076,-0.6035627559919937,0.8946980519876004,0.5289341550626216,0.9411440107268354,0.09870154355824645,2
1.0460512566803253,-0.3175694164380295,0.5544691268684045,0.572265693713262,-0.09391669969856092,0.02692623233107641,1.2482342652879128,1.6338004249042632,1.1740237693386668,0.20737249573463612,2
0.6225694463539508,0.44707363997079697,0.9055227380337525,0.78611155484372,0.7856453575520895,0.07840701583615645,1.1090042096845496,0.48108056537591465,1.117087869530618,0.6248812104968666,2
1.012142206633613,-0.3424995156612922,1.0826662098693594,0.6504847417592097,1.196083090307952,0.07273342934868582,0.6117783980228471,0.7418712789438249,0.05967331611571791,0.7844274538294036,2
0.6833230849330969,-0.38125796811649004,0.4482089335433461,0.3898477228908445,0.4093642990373115,0.3035541761089019,1.2850615917774801,1.0456803694060006,0.852275655223927,0.04867710992787011,2
0.6993824097608976,-0.41503259525764113,0.5077872169671274,0.9161232643528157,0.49143952325550955,-0.1480255812381296,1.348808909841535,0.9437102435196617,0.10832838431457525,0.23672908425654662,2
0.9552308551523898,0.653785392056616,0.8564122922501199,1.3351072795966492,-0.3128192395276652,0.47892781065209206,0.778409560274608,1.3511187428268903,0.9684326756632611,0.613712871306765,2
0.926452242694036,0.18118143740400888,0.6692148584701714,1.0565322797380376,0.09031882914391826,0.3910090030523944,1.2805698795804794,0.7696967288254358,0.8543281279892738,0.2544836921034595,2
0.8391399992501897,-0.35751546821022884,0.40807883397428923,1.8438136354004206,0.0066205660192420746,-0.05757716672301999,1.0132099294650636,0.5643891212956647,0.05835305177406791,0.4856035441752879,2
1.4404676588941605,0.11115868663341194,1.1545681456612424,1.2170033366279112,-0.022308736238743437,0.356421258912025,1.2901401452019015,1.0728160542404406,0.1902223601651321,0.5865978645110844,2
0.8724618979416986,0.35024904331328954,-0.07657561668874135,1.6153691545120954,-0.11850391608728672,0.3815057650405385,0.9923622030533767,0.9162229355897376,0.2699781208188797,0.6914287334788116,2
0.45752373700525106,-0.30488585852618555,0.7857872830328035,0.26480437876399077,0.5229841002425146,-0.2869923700392898,0.7099818662172876,1.0203517669814388,0.7385230199272785,0.2326522509134047,2
1.0063900472926375,0.25468460430308026,0.3938320432072134,1.433011174158755,-0.383453316149836,-0.16242010848293348,0.8078532913874674,0.7217886266695388,-0.09100160347161412,-0.21647565118976797,2
0.19817214476465317,0.31595123010274284,0.24215667782506356,0.5890429452098387,0.5108017445694317,0.5035117221300964,1.0451498001640314,0.5123190021800947,0.6783779721278733,0.47313008969953974,2
0.9711418657142648,0.335867421080982,1.0455477008069698,1.142570896130487,-0.1388332546344152,0.4195198282026702,1.268981471856073,0.7937734420113453,0.6863841631761954,0.9686004823861933,2
1.0315371616133042,0.07886520009985482,0.7871377302395137,0.9632817040627251,0.015536955967815569,0.081347300888229,0.7338779863008456,1.1960987873357307,0.08932526459181356,0.2962952869953846,2
0.7334925242756163,-0.09925855168114209,0.6043591658776983,0.5920934865300609,0.22148637034435104,0.1777133378282743,1.2605412072353934,0.9631426097765152,0.9046775501260204,-0.14723952701771592,2
0.032304016685175796,0.7773222042389857,0.6323983075283351,0.6547134289425701,0.7073474846487426,0.41832814658043094,0.7193388479012784,0.3926000567274156,0.2565681962089436,0.44344202536909855,2
0.7074017690690355,-0.08830592276842583,0.41536418411094894,-0.17254020258803315,0.2400410158936097,-0.10064013782915993,1.1332530649671497,0.5642598616895523,0.5494565985428845,0.5203641409538752,2
0.7036519186929633,0.161689183310872,0.7749167422867376,0.5851788031829803,0.736653130810002,-0.011032974747108654,1.0408390349728427,-0.007166415389569192,0.7415125900133575,0.06599689583015456,2
0.8453374909619628,0.008516355393077171,-0.29589703579481996,1.0382588927949408,-0.061348213917748806,-0.12782104875572275,0.6358561136533116,0.8121722060186076,0.916025570497943,0.2836747475429169,2
0.7308687210766723,-0.02906255544702932,-0.046048417572104205,1.0081866416295393,-0.4860718816542773,0.2934587550658505,0.7953647321197794,1.2463750090207093,0.24027588995253935,0.3686416783279111,2
0.9781601211569236,-0.6158639662416384,0.5110208955015387,0.523024001885446,-0.006264012503259753,0.7862302723954104,1.6264127209296815,0.5138940220665169,0.6775341257826677,-0.4263322927130031,2
0.806884818665041,-0.09016915268637629,0.6085794300009847,1.020677958777668,0.495289328813617,0.4265303917494798,0.7063688526789675,0.46179027926866567,0.2484874619731004,0.47482321408556827,2
0.3387043910848134,-0.40620643588883865,0.45769733065446117,0.2419438063293322,0.7326329037644475,-0.014142247496754329,0.3182260157549742,0.5474551232857596,0.4905635257839239,0.5568216300920463,2
0.6747107260104395,-0.31087087388803764,0.13266721679760274,0.7516811866020634,0.4269447619984412,-0.3384680473316145,0.42719396128083886,1.1659645762173998,0.13512830361840328,1.0580130053768277,2
0.7381766480195584,0.2238573857847706,0.45955697515302496,1.6014143643619798,0.12730223423803352,0.66373124415796,1.2517336128522052,0.5385993090091873,0.7397752297262008,0.3865511489716744,2
1.3537194945819784,-0.3257823857020448,1.063312059908681,1.1583334041357647,0.1552825121439745,-0.3760955772572476,1.0587459942386916,0.9748735966643207,-0.23410282116820624,0.558657163072713,2
0.8198111674278826,0.11437698401214039,0.6924087134473651,1.238123829360262,-0.028201331608884217,0.4603462618101855,1.2154125740652095,0.9043008961246609,0.1545230281999384,0.35607676449872105,2
0.7076206341855715,0.30094757337035494,0.40090944514897553,1.00056134879698,0.10020108892680593,0.13473863919052775,0.5902012824879312,0.9863906834830845,0.44897859555252767,0.23649599795114154,2
0.7027878181836091,0.16995851834081258,0.7397135669755907,0.832195848040435,0.18597476421139095,0.13363192093032286,1.178444162052046,1.220281191175499,0.31265697197700926,0.8077221903037515,2
0.4312176943904396,0.5724330891189395,0.8123881011623317,0.7078251752114582,-0.2208149337898373,0.3871165816744939,1.5627357764158234,0.8450704480483751,0.49749735827048214,0.4856671126097936,2
0.5662538736967307,-0.511780254162611,0.7379466193687274,-0.1466460377936547,0.34115575481392363,0.027843675387970168,0.9279392951320407,0.5524415732216372,0.670447383689134,0.2878577858301404,2
0.6370492590478034,0.23901244585293402,0.8976940009209367,0.688759483446642,0.6039645569477925,0.17387736647151078,0.8700494650758788,1.2181578903565127,0.5105868824921729,0.630805502904711,2
0.2860444286084487,-0.43415736765103596,0.1744717282039292,-0.12819070594446058,0.7572105712737863,-0.21777457883463863,0.7209593949474735,1.402962032833229,0.4442857748338439,0.27130312443715077,2
0.7702410789694079,0.20971595319265618,1.1480452839399478,0.5992781675495343,0.32782637891468985,0.2572420713361156,1.0020537470511328,1.2314722880321463,0.809785902957883,0.5918825474513638,2
0.7341057924739308,-0.033518898883754755,0.28956819843577386,0.9365686964793833,0.008660530877234812,0.18955548627175772,1.2815893772305982,0.20047975962552933,0.1357404906326221,0.19126984857151205,2
0.6878183118137424,-0.026576283006640694,1.3137601038609013,0.5343145188822654,0.5393385701004776,0.4412791045965361,0.954944260527534,1.0632698766238535,0.932333854178353,0.002951220485806594,2
0.7715355202022248,0.1492304335406935,0.9964123126226003,1.1429308010131547,-0.4176852672791389,0.4249154946015341,0.9445681002054864,0.3942414063355679,0.3775945350506894,0.5616133360361162,2
0.6885281960388837,0.41664557623847587,1.0035932412991002,0.9734139319172654,-0.039496269668734374,0.26963615287491244,1.0629132451621928,1.2703097946774324,1.0283019032783742,0.045474405070127066,2
0.9104766712549102,-0.22970073885318215,0.5198978469736231,1.1791531816076675,0.42367901612426806,0.2223986456123106,0.793966768152228,-0.08040733847854453,0.5919261416209987,0.3412989523345095,2
0.7894246394598012,-0.08860502740006276,0.9728345088460042,1.14832275960523,0.7459012469983177,0.21862175412408996,0.8146163904560775,-0.0860351745325314,0.2853618935507419,0.16962359935468235,2
0.6047936549267364,-0.3061385192419657,0.5544281725377621,0.519553061830388,0.31962582746072965,-0.0688232303104146,1.2511894019583885,0.20145238225145412,0.5257554822227427,0.5134048859235991,2
0.465738500248695,0.2173366326393265,1.085320417487737,0.9537238276042221,0.44130285699364025,0.29916533058482,0.7809247460163913,0.3045559361390287,0.766413516270248,0.5420829275883372,2
0.5997798872639322,0.22292543883356414,0.11454129932971424,1.0483205540945795,-0.0490043020154155,0.46530544315973527,0.6387747411536342,1.2030994767397936,-0.03902570483550061,0.8246985814139794,2
0.4915094571845202,0.5604421571958216,0.6877244632094498,0.4945057878707394,-0.21904384637964053,0.4019245437842909,0.8173302211818372,0.6935994674366274,0.443985965392399,0.5296883171035611,2
0.9078458906951913,0.5814234750056593,0.9650343447096431,0.8868555996730896,0.27173792294618554,0.7912905641207081,1.1254580934122014,0.5250181661371043,0.5237584757438666,0.6790627906608921,2
0.5919995942505719,0.38670151866672386,0.34889916246189423,1.1863618371666464,0.07549892168915384,0.16795013576797918,0.9207918122133902,0.5398079589323983,0.8071985719693906,0.09699361142997143,2
0.6543714609285753,0.46175104968095815,0.1355446328879717,0.38397942862355866,-0.09246920560972599,-0.07492207621252889,0.7942908133702031,1.3313906622940697,0.862734732413234,0.3835043166214963,2
0.20646688029120497,0.7018904128368438,0.8669344905491656,0.8245078262112598,0.16602516831478653,0.3698255442531553,0.9684917163616796,1.2375173478910282,-0.15119014089052896,1.019141726136711,2
0.5736528105437705,0.04402864064994694,0.8614810974701694,0.6604038156748038,0.4095589678311333,0.20316326206440777,0.9007966214627853,0.7033382315924789,0.8018584163616749,0.31327962568419654,2
0.4784029937854125,0.5164342797021585,0.7890988376067459,0.6394583171932722,0.522554969464569,-0.19227042896652502,0.7521611125659505,1.6628585506822042,1.0262843468023861,0.2531321025675302,2
0.7006978169891419,-0.08635497500023023,0.15292545170816063,1.1903360643335281,0.26305397046511997,-0.20155163723676134,0.722725732012946,0.5010647623456647,0.6627819880015093,0.26381439504118126,2
0.7314787803439353,0.298605012750499,0.5141348702829133,0.9722489383815685,0.7297816551100608,0.011007722617881577,1.18328068099595,0.33810409058897767,0.7973027083692527,0.11437365403646033,2
1.0794929037463923,0.2925669445463184,0.7277977976066353,1.6680021342776992,0.27655332192129123,-0.004267750250466273,0.8119382283702837,1.031928015512652,1.0576683748194031,0.4298426469316486,2
0.6610460389052865,0.5675447413114614,0.9294989427319854,0.6512688498571562,-0.08607839576851462,0.6300640725453562,1.1341339299760007,0.5335262487698034,0.537980535154535,0.7242416620341601,2
0.32548526373729647,0.5755786834596106,0.16754855988041895,0.44847081118381255,0.28146073117797216,0.5183445479440024,1.1789432891048028,0.7012962576502317,0.32555800949976693,0.41608801981007126,2
0.8625284651271042,0.19919816933749343,1.0126450800706237,1.0949080099742616,0.23785492058547275,0.2309906465514135,0.5979417766972757,0.5476200539532,0.8484505614561307,0.35272927309391544,2
0.8096107775352961,0.9827669319453625,0.5570263697969244,0.8845444546930792,-0.07558587433493291,0.5446567809778216,1.1782066007562058,0.9819858712259533,0.37242434133565383,0.8122719517836254,2
0.6852486679484032,0.16639285263689735,0.1521408659548329,0.8063849831666676,-0.058086554437441484,0.1922530077196517,0.909939799945927,0.6285203238993229,0.7419476642740155,0.122365284500915,2
0.8841614858142202,-0.06053497410057737,0.41814456186966065,0.7829429254503442,0.22691130773871032,0.18597173729182892,0.635498292714794,0.7314197623615014,0.9763301589205258,0.5338816126162447,2
0.5154290170937094,0.28658760741003875,0.792270855928504,1.156283945930038,-0.33683510301118025,-0.13815006022257753,0.7989209206425733,0.8615014715422662,0.5271266219731016,0.12023087662634352,2
0.2188155151447222,-0.2551276207707873,0.20260409871896823,0.24506567450484007,0.14286977819287433,-0.1876002004578517,0.8007911910222625,1.4702740326497055,-0.15738404499207814,0.8998262982545946,2
-0.33855419604717185,0.7403612289837936,0.6466869741497815,0.2246829718438732,0.4068802596227656,0.07730215305165603,1.001711150257342,0.7091996372384541,1.6634001154348774,0.5900654057963777,2
0.445583788697159,0.18615229283092768,1.0579391917220156,1.255157700081809,0.29163331385518654,-0.10381978734160185,1.1765102732190722,0.38850541476435946,0.4302858252850495,0.4811365295436682,2
0.8744220323020322,0.3712472217314618,0.35343992236950694,0.9421437033884352,-0.040904120372391606,0.5578517201269682,0.7549221316906004,0.3808162090987052,0.6701679451274887,0.4191879803828007,2
0.9080821793918568,0.07816687790097855,0.41484168067470173,0.602108612062689,0.7267365414716422,-0.35890746881094693,0.5397805597808962,0.5169616070399399,0.3583854731445013,0.721970125757369,2
0.5223874701160489,0.7190318821023095,0.5693131595871752,0.6474620509492177,0.3913887731215598,0.5880406803468765,0.5258277473266615,0.892342287322822,0.5985517843754419,0.9604669570004483,2
0.45032349175197256,0.3092561404469775,0.6415078522040778,0.90181028817386,0.15720877980355924,0.42277372923214707,0.5905037846063954,1.2237286989978422,0.7238816820697587,0.6508665872139301,2
1.62153002794678,0.0009544886970935668,0.9834905472947642,0.9228198851752496,0.20540932388991828,-0.008307164965172809,0.6703184915585375,1.7506184011131407,0.23319731688529644,0.2465319638110285,2
1.073837193598917,0.38827899104709684,0.28593824254319455,1.0003765808196547,0.8093537938220167,0.9060646472771554,0.8030628340043259,0.6900198801551803,0.6944352634309138,0.10247443320925231,2
1.1069598311794526,0.46097683687527435,0.8125415235027513,0.5797392106450171,-0.08852661866554862,0.5080380927314612,1.0952866587416425,0.48205321096878173,0.4319571578653395,0.3905170672849893,2
-0.17052127270537842,0.39407852072413746,0.7947396356992984,0.6202244721544851,0.3943063381743481,0.01922241368828398,0.8528354784081909,0.5728676969814297,0.6120933205785082,0.5884144553605214,2
0.39071811889664254,0.06714414962229207,0.6200514198792941,0.5556924708646263,0.22906050241480969,0.5371814754048513,1.0096229457796384,0.7156449974073306,0.4923073551021204,0.46305682181286084,2
0.8050923241812835,0.6332605586795252,0.9636781338427466,1.4613957553114605,-0.05235722442422486,0.5305044671180204,1.396138301333884,1.304347471249256,0.5762726045932027,0.5373150041766106,2
0.6819772277816396,0.27724938158839485,1.2360632419151716,0.7930868098187704,0.2005790363268598,-0.09882096584535938,0.7391566506278637,0.4603540488214827,0.7512860892948408,0.41783488391051193,2
1.0121087439888707,0.29159300203344296,0.9043096220686007,1.688765264107858,-0.38061339836019914,0.46627416367101526,1.0675541075620467,0.9181855006973868,1.3639919775781082,0.024292934184407144,2
0.5251203149836573,-0.06645646765090155,0.9471631540796808,0.5106883267267281,0.7800040347026443,0.09775380424492389,1.0949767176262741,1.047400092320283,1.072025227346661,0.7765218327375888,2
0.5951403512048873,0.11123389892524113,0.7125027918381205,0.8072898603085956,0.9290678917554615,0.07225001794638569,0.6160410742980253,0.09888502873405347,0.5787765514400508,0.5078832729147398,2
0.9910432822473881,0.6937253355251084,0.8145407371595805,1.156112948478585,0.01406888545005186,0.2786434983822989,1.1991856426041456,0.028287382147790918,0.9018212455106103,0.19917406226982115,2
1.4076238837471653,0.12020796536752754,0.7971824724291068,0.860954820999626,0.32535859848046667,-0.2308890371530043,0.3734012436258096,1.2954854803177829,0.9366096657788274,0.5463292397217293,2
0.8668014567621685,0.17676314873260904,1.1656750137071392,1.194481300625871,0.37948221806737714,-0.06803912365464043,0.7801590178848253,0.13650726477093234,0.9361811854077576,0.3420524360461833,2
0.8791386921120736,0.4477068661557006,0.776619610335842,1.5759439304604355,0.3947859838369537,-0.08646892393691663,1.0163528394793937,0.222489912012781,1.0126202979737189,0.3937041546833425,2
0.5140157060113085,-0.19450435005409672,0.32712392187637807,0.7065965813864082,0.5061786242166446,-0.06758513070737293,0.6719478601422195,0.9718862342780847,0.640964138006217,0.2955090300670183,2
1.052469798396677,0.38665061454685956,1.0087403737652012,1.105560689442282,0.8009759349686207,0.9094472597664387,0.6152384359636809,0.5749235690585259,0.09474383768534889,0.7300093609538263,2
0.8607893858773071,-0.08134316963141,0.675820672003287,0.2942980607984148,0.2543761005412064,0.33933424952790736,0.8058371764749684,1.3161633409696616,0.5955660013950699,0.2657642089494339,2
1.4594712885488996,0.2559757017746068,0.9803989021707893,1.3107851043652992,0.6513469769366089,-0.4053151431433576,0.3940413860559816,0.042438302615142365,0.7638888886342139,0.18976746707494035,2
0.92468440300766,0.7847248376358688,0.17775554964199208,1.0245984267856911,0.3771376356539439,0.48861120158461224,1.2822166226533493,0.3856072649305784,0.6945147951331246,0.007981867715736779,2
0.9787743373454544,0.6691948390935198,0.867336264328449,1.099352869157484,-0.07963744822984864,0.20625977509673885,0.6920324338103813,1.1664029534858646,0.876667627747424,0.6165153262872956,2
0.456545860745056,0.6418032814880391,0.6826587371427297,0.9601855360901652,0.22725884123831716,0.11964305277562823,0.6147983154482177,0.7739028662920214,0.4140902296629324,1.1609058280439355,2
0.8945113048701407,0.013446776580623154,0.48579491609922243,0.9268786297639262,0.002838173711863373,0.44114586616224527,1.1278345553299174,0.8792151205216502,0.07146235597498451,0.4610368622566794,2
0.5516430461293336,0.016521617021464027,0.8648200559434783,0.8472637933278466,0.10936104282429615,0.25551891618435435,0.9684110496927103,0.8497959019744903,0.3613798339855937,0.33314803149690086,2
0.5067858653415585,0.9334962916890431,0.8785180209835468,0.7273624260738877,0.31750093941561,0.49447436981068316,0.9001511664088898,0.6928104935810403,1.2478290010040598,0.4515235761913572,2
0.47941452040175403,0.9678532553217789,0.4717921723875961,0.9340216669492336,0.2462540067907329,0.13074414888181335,0.7459850111916326,0.3465002927707676,0.9085341948138218,0.4720095433257952,2
0.5223318013525367,0.4464610795238271,0.8284545773745353,1.2530703223340662,-0.10732649454958743,-0.0274291374298824,1.2260029918704292,0.39248086572575114,0.824731538664887,-0.10850940806786924,2
0.6456919671483894,-0.14949275151919345,0.4573165727555272,0.848678707973955,0.24641884754291976,0.051342197617924495,0.35389544065421885,0.7946281601897451,0.7166701203180158,0.6193697438667821,2
0.8803478471450743,-0.46076257676009524,0.2824456568138749,0.40992183870990917,0.2436688656890449,-0.24253913672824645,0.7015547901196812,1.2103515463476162,0.6022387036974349,0.20622105680262184,2
0.6093009706001384,0.3791830322658034,0.6611900428057502,1.1228973733956797,0.5892121637143881,-0.014990317529130215,0.52530880461196,0.5845802003808327,0.7498351686554685,-0.0032269784734969,2
0.6019693189734066,-0.41407522946091546,0.7752245938594876,0.32288741317108427,0.8313442944804732,-0.08503098238656914,0.9551725075484889,0.40746815314645823,0.25015544741749235,0.3983250657939819,2
1.0922937170903997,-0.19262135406170122,0.10563095293817504,1.115600322162541,0.28142262102141,0.008333673229494992,0.6005542874919076,0.40850455947840586,0.5777698712472292,0.27940544187146804,2
1.2849159766879912,0.6165858473256896,0.7700880763127931,0.9011917692300263,-0.08132302165178018,0.09390800692234921,1.4472778244441336,1.372783527116102,0.6093315990814128,-0.11036648423045403,2
1.1603064425916667,0.44421131291833355,0.5828019040054363,0.7269202917906031,0.469630608031948,0.7303646723248665,0.743563944475726,0.5793269302341604,0.8737751504636566,0.4051609696098617,2
0.7082552014443796,-0.18826997602687173,1.101494914011442,1.0734894317823858,0.19326658843126152,-0.041472780125515196,1.2616326881230049,0.7877182066874063,0.5466796617184874,0.47943334219497996,2
0.5567645153381359,-0.028869345680385072,0.5285715047632766,0.6849231746385274,0.16381730799941585,0.46519452951174783,1.266708947698438,0.898850288720562,0.964770011090744,0.34937408064776326,2
0.5853980007546302,0.8402832473429555,0.9551576924587712,0.9897582067102385,0.03536339838072461,0.07453468535617525,1.1059402167645405,0.5325862382158405,0.8860013494590395,0.04138257690986791,2
0.9684315424799569,0.18804824412972526,0.5688360195535453,1.0392811656390424,-0.09344683470559112,-0.018092707339103314,1.1405140827821623,1.062250875910617,0.3811178748219176,0.11360688607280783,2
0.5912207200400326,0.33969641520888416,0.608336334335639,0.6735899598907348,0.8252624917152642,0.4438559214776766,0.4194772585706088,0.015904226306932667,0.9338445622351235,0.24789085499637928,2
0.6778145390111262,0.3210200270367982,0.6311243434141997,0.8361984792695826,0.8190084295359957,0.09897646232485041,0.8646641484243917,0.6773327846518731,0.7893700692943917,0.9467772170759312,2
0.9190466053962932,0.38841683312134423,0.7908066827606518,1.327541375415219,0.5989463036086531,0.1610900646939002,0.9608460531112696,-0.025683439339999392,0.4814632736351364,0.14598380754954898,2
0.64489739539141,0.16732278285108443,0.8043449812104516,1.1757297918847631,0.735284985713869,-0.03247760380308315,0.9844845160795093,1.0708526846856994,1.069660621117754,0.4251413430271582,2
0.5349723482215933,-0.06564098091765552,0.6114452207815706,0.5212965430502678,-0.3659575965264301,1.034864510668228,0.9990203356614156,1.0734882077773336,0.3786471902953729,0.27731357747557384,2
0.5556580854374045,0.057517369070599844,0.5603698622820891,0.5983714439618568,0.11668571399768957,0.5538474183112388,1.1631543047616941,0.6531747324970265,0.31046074111209154,0.11337886539250325,2
0.6187160053275078,-0.2400736766166532,0.9495703265842816,0.3617886071288885,0.4136608046018259,0.18196314710406747,1.6617773726398921,1.3318034962882057,-0.1501700835603006,0.6809200867456592,2
1.2415087877388924,0.006056188915543478,0.7159785269317401,0.7459223849138088,0.1247756311471188,0.46403515973756604,1.0386945005406565,0.9146068057171954,0.46708002871687304,0.039574675980812046,2
0.9082289285966543,-0.3472518868805065,0.9107950329569043,0.8124597055192833,0.2926376209094059,0.8432327269540005,1.0418430812297872,0.7669565302694153,0.4738254473831846,0.18753720092597687,2
1.047535198319903,-0.40615516510260974,0.46660865633578846,1.1267584001886235,0.4330484968996792,-0.015695417071772327,0.9664164898887863,0.7824156975149847,0.9231530090323461,0.546802977660853,2
1.0660758306790588,-0.2480416648218554,0.41044992443795436,0.9720205906320124,0.1484145886569417,-0.27178904073523796,1.03968358044563,0.9933673222076957,0.3873208885758815,0.4258538563670402,2
1.1904376107927996,0.11684451771639838,0.9293436160384839,0.9374754896534185,0.08329443571912092,0.22407452011571993,1.1575516899653744,1.261964337954439,0.42144305080753425,0.18096159648654622,2
0.5931643537095083,-0.36510471554565527,0.9230376439378405,0.6783569951354489,0.6794376069053792,-0.11903386252685172,0.7648498636691717,0.0361538451518838,0.4768513404974604,0.04126432870098379,2
0.40827643922028356,0.43868167011728787,-0.1271069719196345,0.9051231364960935,-0.039023281641048346,0.21314915715318591,1.2290578704896873,0.897341684696884,0.2636764575810326,1.1462479289815126,2
0.9364998835673208,-0.03065925159627389,0.2928776016932294,0.7130665634801134,0.7011151564412474,0.15694658557823288,0.7883941280239675,0.3419330723657168,0.3744327251762641,0.49672172288691574,2
0.8343588907325913,0.33232838620237337,0.17917675025845725,1.2174796223605489,-0.06723991634867849,0.09538778676812212,1.050615357285995,1.0568963116695818,0.46376873951639325,0.21441776676050184,2
1.305691075827884,0.7459546136535703,0.7722068766383898,1.6872582082352996,0.049228768380149474,0.09109138563389957,1.314586868361765,0.9390450976974062,1.0466246905515912,0.17100974128757837,2
0.5541317642853156,-0.2456818715872247,0.4283460895751263,0.31098295505016393,0.29384355433503073,-0.0235894963358306,0.9732481589060465,1.3902045066494635,0.31075092200537274,0.5117927649163595,2
0.886992161883978,-0.3272688204633298,0.7525347008896569,1.0061283193129316,0.2562585698409349,0.2427961040221686,0.7211711370626523,0.5843581862370114,0.5882109034707738,0.15525959996950267,2
0.6713532923044929,-0.32111614098571056,0.5017734037218027,0.867059102776781,0.21530318409826182,0.12502488221014654,0.5792364292740553,0.8898694649588128,-0.03516741666065537,0.462661176793807,2
1.3460009811452618,0.22323660212055618,1.1268986388010132,1.1852089359449527,0.29304260030438384,0.589873907796589,1.0822459960589634,0.8503708216748097,0.7977082711044374,0.36721304894654766,2
0.62332442204604,-0.14174451178864306,0.5740039588240123,1.1906391747163108,0.37784778622296217,0.32260238061450014,1.1782690325926803,0.15531499575967822,0.4064732921308515,-0.1759633585430913,2
0.7911853606364972,0.27674209929256927,0.9576877981534968,0.930459823379056,0.19315196249388136,0.3359988949916138,1.0687673665780741,0.44115039683639656,0.4943998954887374,0.435310196874526,2
0.441364834282782,0.10983955507598911,0.7381036021216563,0.48824037573885426,0.6443552149699396,0.09779031443011277,0.5043311498009756,0.6155283945171242,0.7997498116518984,0.08951370072587861,2
0.3675668449369982,0.23520461747815757,0.4371343552072532,0.48856288784831986,0.16057447195963923,0.49245335243233807,1.5459448968473408,0.659776364087471,0.6884682984628004,0.19556652775173033,2
0.9218737950864895,0.11915556743415888,1.1309523431255029,0.8436600447503865,0.4222568095217091,0.13867431096105057,0.9030209111341757,0.89059027611257,0.23493411188899566,0.5620492031773187,2
0.005173687921217751,-0.019174685679225062,0.33335864095548423,0.6428848470854299,0.2178993113441706,0.3071662609912542,0.7545060471091317,0.75729184023837,0.38539317929733674,0.7341656779110826,2
0.8038936467803599,-0.14175082073727463,0.65751842998307,0.4020973183882972,-0.014349695824146025,0.3964988678365058,1.169047679865558,1.353579397318399,0.31734456184525445,0.4191405293577896,2
0.9946499206754831,0.6082793736555707,0.04679152732435721,1.0335363782206444,-0.18469561631964998,0.9641393607900873,1.5920352926846115,0.7701829672466305,0.38673516752756293,0.4710365958862486,2
0.9305937307789651,0.0102832639422408,0.5700595006031102,0.9176588234480311,0.14165477767481366,0.6346799229656498,1.3033157874164973,0.6422979167609175,0.47997205832163214,0.5463636766131079,2
1.2841446039021935,0.009069851729284692,0.5906153521150692,1.6196232311222027,0.41936185600057485,0.7713442492907592,1.40315610647712,0.48796892356056376,0.7798314000715518,0.581738881529096,2
0.6372117469658575,-0.5868800899880274,0.08865955565451733,1.0531962499751724,0.057965136377428506,-0.3423270696619971,1.3155723508188892,0.8289204040300105,0.40692200189265293,0.434433069083679,2
0.3863171560923061,1.1290216143899143,1.0234061610778429,0.7386779832878904,0.4288124388150397,0.9476751760042822,1.693801103328362,0.7962474128968615,1.1225912431096963,0.574201414708472,2
0.8561394063511841,-0.03995096267814491,0.09848364470488047,1.1152370574571604,-0.33997302436956833,-0.04865864324204627,0.6258051581016562,0.9992828390323103,-0.17079091364353738,0.256105236504732,2
0.9817343085658321,0.13879433120934637,0.04656263586642018,1.5613773623670593,0.27965353391526526,-0.022905061603590737,0.6580552119329486,0.5020012847665185,0.11297878930051525,0.5819829280943569,2
0.9489097383337454,0.9070300674929561,1.1945918346037563,0.6578715588916723,0.3182373205518952,0.3758575657088003,1.3731936935142435,0.6141553424595422,1.6600040568258043,-0.32080560889156573,2
0.6882885374392,-0.3254514011443649,0.1987477290981448,0.705843070666748,0.38697061818860684,0.08749959194422596,0.7014239001803846,0.7984383195079325,0.56457202636013,0.4750071839802422,2
0.933504876668827,0.15683568265400843,0.6049694488649925,1.1168576951239217,0.06520189342315835,-0.5213479753558536,0.49145926725350797,1.1971613559601182,0.35984235012274657,0.49810063028055995,2
0.948060837492415,1.0762906687424998,0.824078610603416,1.7224602013074453,0.15185469994176903,-0.008108320949870657,0.6612688333159665,0.26612587945861,1.0925778133778976,0.49136169753262526,2
1.3318938034300967,0.1760935126230924,1.0276796390743836,1.0631399627410838,0.30933651359596326,0.24354831326856394,0.9527694827688213,0.6112057221466413,0.5626021988243797,-0.1858481166490985,2
0.4564908448032627,0.10585289661543554,1.069125261566711,0.8039217535615315,0.8879673092403548,0.12812802732356615,1.088870782965618,0.46833865862262003,0.6677014524498002,0.38688618913298023,2
0.794453007817137,-0.0034042883748624797,0.09160335585189572,0.629667998321843,0.41724585070310194,-0.16344109192956136,1.10137818222751,0.45014772717814144,0.22935526042360882,0.16647784517087882,2
1.2370636789993348,-0.14893945320077423,0.9026786659848409,0.5384929256202808,0.14649959162777243,0.4480131468295001,0.9651756791036329,0.5208317853392324,0.8170076708687842,-0.08360512209025556,2
0.9244518674205833,0.6122695279631698,1.2237288274094706,1.45500941981269,0.5240558351954756,0.1862726647525728,1.1115922297074277,0.7374787324836067,1.0773559940893898,0.22349469275798858,2
